Age,Age_Group,Gender,BMI_Category,Possible_Diseases,Health_Advice,Risk_Level,Detailed_Diet_Plan,Diet_Plan
31,25-34,Male,Overweight,"High BP, Early diabetes, Fatty liver, Gastric issues, Mental tension","Control portion size, reduce sugar and oil; prefer high-fiber meals and daily walks.",Medium,Breakfast: Poha + Tea | Lunch: Roti + Veg curry | Snack: Fruit | Dinner: Khichdi + Salad,"Low sugar, low oil, high-fiber meals. Include salads, fruits, and avoid junk food."
31,25-34,Female,Underweight,"PCOD, Fatigue, Irregular cycles, Anemia, Anxiety",Increase calorie intake with protein & dairy; eat small meals often and do strength exercises.,Medium,Breakfast: Milk + Dry fruits | Lunch: Dal + Chapati + Salad | Snack: Yogurt + Nuts | Dinner: Khichdi + Ghee,"High-calorie, high-protein diet (milk, eggs, nuts, paneer, whole grains). Eat every 3–4 hours."
52,45-54,Female,Normal,"Healthy, menopause-related changes",Maintain balanced diet and regular exercise; ensure hydration and proper sleep.,Low,Breakfast: Idli + Chutney | Lunch: Brown rice + Dal | Snack: Seeds + Fruit | Dinner: Khichdi,"Balanced diet with fruits, vegetables, whole grains, and yoga/exercise 30 min daily."
21,18-24,Female,Underweight,"Iron deficiency, Hormonal imbalance, Irregular periods, Anxiety, Hair loss",Increase calorie intake with protein & dairy; eat small meals often and do strength exercises.,Medium,Breakfast: Oats + Milk | Lunch: Rice + Dal + Paneer | Snack: Fruit | Dinner: Chapati + Veg + Paneer,"High-calorie, high-protein diet (milk, eggs, nuts, paneer, whole grains). Eat every 3–4 hours."
35,35-44,Male,Underweight,"Anemia, Bone density loss, Fatigue, Stress",Increase calorie intake with protein & dairy; eat small meals often and do strength exercises.,Medium,Breakfast: Milk + Dry fruits | Lunch: Khichdi + Dal | Snack: Fruit shake | Dinner: Rice + Paneer curry,"High-calorie, high-protein diet (milk, eggs, nuts, paneer, whole grains). Eat every 3–4 hours."
22,18-24,Female,Underweight,"Iron deficiency, Hormonal imbalance, Irregular periods, Anxiety, Hair loss",Increase calorie intake with protein & dairy; eat small meals often and do strength exercises.,Medium,Breakfast: Oats + Milk | Lunch: Rice + Dal + Paneer | Snack: Fruit | Dinner: Chapati + Veg + Paneer,"High-calorie, high-protein diet (milk, eggs, nuts, paneer, whole grains). Eat every 3–4 hours."
59,55-60,Female,Overweight,"BP, Diabetes, Joint pain, Anxiety","Control portion size, reduce sugar and oil; prefer high-fiber meals and daily walks.",Medium,Breakfast: Dalia | Lunch: Soft rice + Dal | Snack: Fruit | Dinner: Soup,"Low sugar, low oil, high-fiber meals. Include salads, fruits, and avoid junk food."
21,18-24,Male,Overweight,"Early hypertension, Fatty liver, Insulin resistance, Tension, Sleep disturbance","Control portion size, reduce sugar and oil; prefer high-fiber meals and daily walks.",Medium,Breakfast: Oats + Fruit | Lunch: Brown rice + Veg + Dal | Snack: Green tea + Nuts | Dinner: Soup + Chapati,"Low sugar, low oil, high-fiber meals. Include salads, fruits, and avoid junk food."
33,25-34,Female,Obesity,"PCOS, Infertility, Type 2 Diabetes, Hypertension, Anxiety","Strictly avoid junk food, focus on low-calorie diet, consult doctor for weight management.",High,Breakfast: Oats | Lunch: Roti + Veg | Snack: Green tea | Dinner: Soup + Salad,"Low-carb, low-fat diet. Avoid fried foods, sugary drinks, and eat small portions frequently."
43,35-44,Male,Normal,"Healthy, but rising risk of hypertension and liver fat",Maintain balanced diet and regular exercise; ensure hydration and proper sleep.,Low,Breakfast: Poha + Milk | Lunch: Roti + Dal + Veg | Snack: Fruit | Dinner: Khichdi + Curd,"Balanced diet with fruits, vegetables, whole grains, and yoga/exercise 30 min daily."
19,18-24,Female,Underweight,"Iron deficiency, Hormonal imbalance, Irregular periods, Anxiety, Hair loss",Increase calorie intake with protein & dairy; eat small meals often and do strength exercises.,Medium,Breakfast: Oats + Milk | Lunch: Rice + Dal + Paneer | Snack: Fruit | Dinner: Chapati + Veg + Paneer,"High-calorie, high-protein diet (milk, eggs, nuts, paneer, whole grains). Eat every 3–4 hours."
60,55-60,Female,Normal,"Healthy, maintain calcium & heart care",Maintain balanced diet and regular exercise; ensure hydration and proper sleep.,Low,Breakfast: Oats + Milk | Lunch: Rice + Veg dal | Snack: Boiled egg/Paneer | Dinner: Soup + Roti,"Balanced diet with fruits, vegetables, whole grains, and yoga/exercise 30 min daily."
33,25-34,Male,Normal,"Healthy, mild stress or work pressure possible",Maintain balanced diet and regular exercise; ensure hydration and proper sleep.,Low,Breakfast: Brown bread + Eggs | Lunch: Roti + Chicken + Veg | Snack: Nuts | Dinner: Soup + Chapati,"Balanced diet with fruits, vegetables, whole grains, and yoga/exercise 30 min daily."
21,18-24,Male,Overweight,"Early hypertension, Fatty liver, Insulin resistance, Tension, Sleep disturbance","Control portion size, reduce sugar and oil; prefer high-fiber meals and daily walks.",Medium,Breakfast: Oats + Fruit | Lunch: Brown rice + Veg + Dal | Snack: Green tea + Nuts | Dinner: Soup + Chapati,"Low sugar, low oil, high-fiber meals. Include salads, fruits, and avoid junk food."
46,45-54,Male,Obesity,"Cardiac disease, Stroke, Depression, Chronic fatigue","Strictly avoid junk food, focus on low-calorie diet, consult doctor for weight management.",High,Breakfast: Oats | Lunch: Roti + Veg | Snack: Seeds | Dinner: Soup + Salad,"Low-carb, low-fat diet. Avoid fried foods, sugary drinks, and eat small portions frequently."
55,55-60,Male,Obesity,"Heart failure, Stroke, Chronic diabetes, Anxiety, Arthritis","Strictly avoid junk food, focus on low-calorie diet, consult doctor for weight management.",High,Breakfast: Porridge | Lunch: Dal + Veg | Snack: Fruit | Dinner: Soup,"Low-carb, low-fat diet. Avoid fried foods, sugary drinks, and eat small portions frequently."
50,45-54,Female,Normal,"Healthy, menopause-related changes",Maintain balanced diet and regular exercise; ensure hydration and proper sleep.,Low,Breakfast: Idli + Chutney | Lunch: Brown rice + Dal | Snack: Seeds + Fruit | Dinner: Khichdi,"Balanced diet with fruits, vegetables, whole grains, and yoga/exercise 30 min daily."
52,45-54,Male,Overweight,"Hypertension, Diabetes, Fatty liver, Anxiety, Joint pain","Control portion size, reduce sugar and oil; prefer high-fiber meals and daily walks.",Medium,Breakfast: Dalia + Fruit | Lunch: Roti + Veg | Snack: Nuts | Dinner: Light khichdi,"Low sugar, low oil, high-fiber meals. Include salads, fruits, and avoid junk food."
40,35-44,Male,Normal,"Healthy, but rising risk of hypertension and liver fat",Maintain balanced diet and regular exercise; ensure hydration and proper sleep.,Low,Breakfast: Poha + Milk | Lunch: Roti + Dal + Veg | Snack: Fruit | Dinner: Khichdi + Curd,"Balanced diet with fruits, vegetables, whole grains, and yoga/exercise 30 min daily."
46,45-54,Male,Underweight,"Muscle loss, Nutrient deficiency, Stress",Increase calorie intake with protein & dairy; eat small meals often and do strength exercises.,Medium,Breakfast: Oats + Milk | Lunch: Dal + Rice + Veg | Snack: Fruit + Seeds | Dinner: Chapati + Paneer/Tofu,"High-calorie, high-protein diet (milk, eggs, nuts, paneer, whole grains). Eat every 3–4 hours."
59,55-60,Female,Overweight,"BP, Diabetes, Joint pain, Anxiety","Control portion size, reduce sugar and oil; prefer high-fiber meals and daily walks.",Medium,Breakfast: Dalia | Lunch: Soft rice + Dal | Snack: Fruit | Dinner: Soup,"Low sugar, low oil, high-fiber meals. Include salads, fruits, and avoid junk food."
57,55-60,Female,Obesity,"Heart disease, Arthritis, Stroke risk, Depression","Strictly avoid junk food, focus on low-calorie diet, consult doctor for weight management.",High,Breakfast: Porridge | Lunch: Soft rice + Veg | Snack: Fruit | Dinner: Soup,"Low-carb, low-fat diet. Avoid fried foods, sugary drinks, and eat small portions frequently."
54,45-54,Female,Obesity,"Hypertension, Type 2 Diabetes, Heart issues, Depression, Liver problems","Strictly avoid junk food, focus on low-calorie diet, consult doctor for weight management.",High,Breakfast: Oats | Lunch: Roti + Dal  | Snack: Seeds | Dinner: Soup,"Low-carb, low-fat diet. Avoid fried foods, sugary drinks, and eat small portions frequently."
58,55-60,Male,Obesity,"Heart failure, Stroke, Chronic diabetes, Anxiety, Arthritis","Strictly avoid junk food, focus on low-calorie diet, consult doctor for weight management.",High,Breakfast: Porridge | Lunch: Dal + Veg | Snack: Fruit | Dinner: Soup,"Low-carb, low-fat diet. Avoid fried foods, sugary drinks, and eat small portions frequently."
46,45-54,Female,Obesity,"Hypertension, Type 2 Diabetes, Heart issues, Depression, Liver problems","Strictly avoid junk food, focus on low-calorie diet, consult doctor for weight management.",High,Breakfast: Oats | Lunch: Roti + Dal  | Snack: Seeds | Dinner: Soup,"Low-carb, low-fat diet. Avoid fried foods, sugary drinks, and eat small portions frequently."
26,25-34,Male,Normal,"Healthy, mild stress or work pressure possible",Maintain balanced diet and regular exercise; ensure hydration and proper sleep.,Low,Breakfast: Brown bread + Eggs | Lunch: Roti + Chicken + Veg | Snack: Nuts | Dinner: Soup + Chapati,"Balanced diet with fruits, vegetables, whole grains, and yoga/exercise 30 min daily."
33,25-34,Female,Normal,"Healthy, maintain balanced diet, mild stress risk",Maintain balanced diet and regular exercise; ensure hydration and proper sleep.,Low,Breakfast: Poha + Milk | Lunch: Roti + Veg + Salad | Snack: Yogurt | Dinner: Khichdi + Curd,"Balanced diet with fruits, vegetables, whole grains, and yoga/exercise 30 min daily."
49,45-54,Female,Normal,"Healthy, menopause-related changes",Maintain balanced diet and regular exercise; ensure hydration and proper sleep.,Low,Breakfast: Idli + Chutney | Lunch: Brown rice + Dal | Snack: Seeds + Fruit | Dinner: Khichdi,"Balanced diet with fruits, vegetables, whole grains, and yoga/exercise 30 min daily."
28,25-34,Male,Obesity,"Heart disease, Sleep apnea, Liver problems, Anxiety, Depression","Strictly avoid junk food, focus on low-calorie diet, consult doctor for weight management.",High,Breakfast: Dalia + Fruit | Lunch: Roti + Veg | Snack: Green tea | Dinner: Soup + Salad,"Low-carb, low-fat diet. Avoid fried foods, sugary drinks, and eat small portions frequently."
36,35-44,Female,Overweight,"Thyroid issues, PCOS, Joint pain, Hypertension","Control portion size, reduce sugar and oil; prefer high-fiber meals and daily walks.",Medium,Breakfast: Poha + Tea | Lunch: Rice + Veg | Snack: Salad | Dinner: Soup + Khichdi,"Low sugar, low oil, high-fiber meals. Include salads, fruits, and avoid junk food."
39,35-44,Male,Normal,"Healthy, but rising risk of hypertension and liver fat",Maintain balanced diet and regular exercise; ensure hydration and proper sleep.,Low,Breakfast: Poha + Milk | Lunch: Roti + Dal + Veg | Snack: Fruit | Dinner: Khichdi + Curd,"Balanced diet with fruits, vegetables, whole grains, and yoga/exercise 30 min daily."
29,25-34,Male,Underweight,"Weak immunity, Muscle loss, Nutrient deficiency, Anxiety, Fatigue",Increase calorie intake with protein & dairy; eat small meals often and do strength exercises.,Medium,Breakfast: Paratha + Curd | Lunch: Dal rice + Paneer | Snack: Peanut butter toast | Dinner: Roti + Green vegi/Chicken/Fish + Veggies,"High-calorie, high-protein diet (milk, eggs, nuts, paneer, whole grains). Eat every 3–4 hours."
45,45-54,Female,Overweight,"Thyroid, Diabetes, Joint stiffness, Anxiety","Control portion size, reduce sugar and oil; prefer high-fiber meals and daily walks.",Medium,Breakfast: Oats + Milk | Lunch: Roti + Dal | Snack: Seeds | Dinner: Light Veg soup,"Low sugar, low oil, high-fiber meals. Include salads, fruits, and avoid junk food."
37,35-44,Female,Underweight,"Osteopenia, Hormonal issues, Fatigue, Nutritional deficiency",Increase calorie intake with protein & dairy; eat small meals often and do strength exercises.,Medium,Breakfast: Idli + Coconut chutney | Lunch: Dal rice + Veg | Snack: Fruit smoothie | Dinner: Chapati + Paneer,"High-calorie, high-protein diet (milk, eggs, nuts, paneer, whole grains). Eat every 3–4 hours."
54,45-54,Female,Normal,"Healthy, menopause-related changes",Maintain balanced diet and regular exercise; ensure hydration and proper sleep.,Low,Breakfast: Idli + Chutney | Lunch: Brown rice + Dal | Snack: Seeds + Fruit | Dinner: Khichdi,"Balanced diet with fruits, vegetables, whole grains, and yoga/exercise 30 min daily."
18,18-24,Female,Normal,"Healthy, maintain fitness & hydration",Maintain balanced diet and regular exercise; ensure hydration and proper sleep.,Low,Breakfast: Oats + Fruit | Lunch: Rice + Veg curry | Snack: Nuts | Dinner: Chapati + Dal,"Balanced diet with fruits, vegetables, whole grains, and yoga/exercise 30 min daily."
45,45-54,Female,Normal,"Healthy, menopause-related changes",Maintain balanced diet and regular exercise; ensure hydration and proper sleep.,Low,Breakfast: Idli + Chutney | Lunch: Brown rice + Dal | Snack: Seeds + Fruit | Dinner: Khichdi,"Balanced diet with fruits, vegetables, whole grains, and yoga/exercise 30 min daily."
46,45-54,Female,Underweight,"Osteoporosis, Hormone imbalance, Stress",Increase calorie intake with protein & dairy; eat small meals often and do strength exercises.,Medium,Breakfast: Poha + Milk | Lunch: Khichdi + Dal | Snack: Banana | Dinner: Soup + Roti,"High-calorie, high-protein diet (milk, eggs, nuts, paneer, whole grains). Eat every 3–4 hours."
39,35-44,Female,Obesity,"Diabetes, Hypertension, Breast cancer risk, Anxiety, Heart strain","Strictly avoid junk food, focus on low-calorie diet, consult doctor for weight management.",High,Breakfast: Dalia | Lunch: Brown rice + Veg | Snack: Fruit | Dinner: Soup,"Low-carb, low-fat diet. Avoid fried foods, sugary drinks, and eat small portions frequently."
18,18-24,Female,Underweight,"Iron deficiency, Hormonal imbalance, Irregular periods, Anxiety, Hair loss",Increase calorie intake with protein & dairy; eat small meals often and do strength exercises.,Medium,Breakfast: Oats + Milk | Lunch: Rice + Dal + Paneer | Snack: Fruit | Dinner: Chapati + Veg + Paneer,"High-calorie, high-protein diet (milk, eggs, nuts, paneer, whole grains). Eat every 3–4 hours."
46,45-54,Male,Underweight,"Muscle loss, Nutrient deficiency, Stress",Increase calorie intake with protein & dairy; eat small meals often and do strength exercises.,Medium,Breakfast: Oats + Milk | Lunch: Dal + Rice + Veg | Snack: Fruit + Seeds | Dinner: Chapati + Paneer/Tofu,"High-calorie, high-protein diet (milk, eggs, nuts, paneer, whole grains). Eat every 3–4 hours."
26,25-34,Female,Normal,"Healthy, maintain balanced diet, mild stress risk",Maintain balanced diet and regular exercise; ensure hydration and proper sleep.,Low,Breakfast: Poha + Milk | Lunch: Roti + Veg + Salad | Snack: Yogurt | Dinner: Khichdi + Curd,"Balanced diet with fruits, vegetables, whole grains, and yoga/exercise 30 min daily."
41,35-44,Male,Overweight,"Hypertension, Cholesterol, Fatty liver, Anxiety","Control portion size, reduce sugar and oil; prefer high-fiber meals and daily walks.",Medium,Breakfast: Oats + Milk | Lunch: Roti + Dal + Veg | Snack: Green tea | Dinner: Soup + Roti,"Low sugar, low oil, high-fiber meals. Include salads, fruits, and avoid junk food."
60,55-60,Female,Overweight,"BP, Diabetes, Joint pain, Anxiety","Control portion size, reduce sugar and oil; prefer high-fiber meals and daily walks.",Medium,Breakfast: Dalia | Lunch: Soft rice + Dal | Snack: Fruit | Dinner: Soup,"Low sugar, low oil, high-fiber meals. Include salads, fruits, and avoid junk food."
54,45-54,Male,Underweight,"Muscle loss, Nutrient deficiency, Stress",Increase calorie intake with protein & dairy; eat small meals often and do strength exercises.,Medium,Breakfast: Oats + Milk | Lunch: Dal + Rice + Veg | Snack: Fruit + Seeds | Dinner: Chapati + Paneer/Tofu,"High-calorie, high-protein diet (milk, eggs, nuts, paneer, whole grains). Eat every 3–4 hours."
56,55-60,Male,Obesity,"Heart failure, Stroke, Chronic diabetes, Anxiety, Arthritis","Strictly avoid junk food, focus on low-calorie diet, consult doctor for weight management.",High,Breakfast: Porridge | Lunch: Dal + Veg | Snack: Fruit | Dinner: Soup,"Low-carb, low-fat diet. Avoid fried foods, sugary drinks, and eat small portions frequently."
27,25-34,Female,Normal,"Healthy, maintain balanced diet, mild stress risk",Maintain balanced diet and regular exercise; ensure hydration and proper sleep.,Low,Breakfast: Poha + Milk | Lunch: Roti + Veg + Salad | Snack: Yogurt | Dinner: Khichdi + Curd,"Balanced diet with fruits, vegetables, whole grains, and yoga/exercise 30 min daily."
20,18-24,Female,Underweight,"Iron deficiency, Hormonal imbalance, Irregular periods, Anxiety, Hair loss",Increase calorie intake with protein & dairy; eat small meals often and do strength exercises.,Medium,Breakfast: Oats + Milk | Lunch: Rice + Dal + Paneer | Snack: Fruit | Dinner: Chapati + Veg + Paneer,"High-calorie, high-protein diet (milk, eggs, nuts, paneer, whole grains). Eat every 3–4 hours."
47,45-54,Female,Underweight,"Osteoporosis, Hormone imbalance, Stress",Increase calorie intake with protein & dairy; eat small meals often and do strength exercises.,Medium,Breakfast: Poha + Milk | Lunch: Khichdi + Dal | Snack: Banana | Dinner: Soup + Roti,"High-calorie, high-protein diet (milk, eggs, nuts, paneer, whole grains). Eat every 3–4 hours."
42,35-44,Female,Overweight,"Thyroid issues, PCOS, Joint pain, Hypertension","Control portion size, reduce sugar and oil; prefer high-fiber meals and daily walks.",Medium,Breakfast: Poha + Tea | Lunch: Rice + Veg | Snack: Salad | Dinner: Soup + Khichdi,"Low sugar, low oil, high-fiber meals. Include salads, fruits, and avoid junk food."
57,55-60,Female,Normal,"Healthy, maintain calcium & heart care",Maintain balanced diet and regular exercise; ensure hydration and proper sleep.,Low,Breakfast: Oats + Milk | Lunch: Rice + Veg dal | Snack: Boiled egg/Paneer | Dinner: Soup + Roti,"Balanced diet with fruits, vegetables, whole grains, and yoga/exercise 30 min daily."
20,18-24,Female,Normal,"Healthy, maintain fitness & hydration",Maintain balanced diet and regular exercise; ensure hydration and proper sleep.,Low,Breakfast: Oats + Fruit | Lunch: Rice + Veg curry | Snack: Nuts | Dinner: Chapati + Dal,"Balanced diet with fruits, vegetables, whole grains, and yoga/exercise 30 min daily."
22,18-24,Female,Overweight,"PCOS, Thyroid imbalance, Insulin resistance, Mental tension","Control portion size, reduce sugar and oil; prefer high-fiber meals and daily walks.",Medium,Breakfast: Oats + Fruit | Lunch: Brown rice + Veg | Snack: Nuts | Dinner: Soup + Roti,"Low sugar, low oil, high-fiber meals. Include salads, fruits, and avoid junk food."
20,18-24,Female,Overweight,"PCOS, Thyroid imbalance, Insulin resistance, Mental tension","Control portion size, reduce sugar and oil; prefer high-fiber meals and daily walks.",Medium,Breakfast: Oats + Fruit | Lunch: Brown rice + Veg | Snack: Nuts | Dinner: Soup + Roti,"Low sugar, low oil, high-fiber meals. Include salads, fruits, and avoid junk food."
58,55-60,Female,Overweight,"BP, Diabetes, Joint pain, Anxiety","Control portion size, reduce sugar and oil; prefer high-fiber meals and daily walks.",Medium,Breakfast: Dalia | Lunch: Soft rice + Dal | Snack: Fruit | Dinner: Soup,"Low sugar, low oil, high-fiber meals. Include salads, fruits, and avoid junk food."
32,25-34,Female,Overweight,"PCOS, Thyroid disorder, Gestational risk, Depression, Liver fat","Control portion size, reduce sugar and oil; prefer high-fiber meals and daily walks.",Medium,Breakfast: Smoothie + Seeds | Lunch: Roti + Veg curry | Snack: Fruit | Dinner: Dal soup,"Low sugar, low oil, high-fiber meals. Include salads, fruits, and avoid junk food."
43,35-44,Male,Underweight,"Anemia, Bone density loss, Fatigue, Stress",Increase calorie intake with protein & dairy; eat small meals often and do strength exercises.,Medium,Breakfast: Milk + Dry fruits | Lunch: Khichdi + Dal | Snack: Fruit shake | Dinner: Rice + Paneer curry,"High-calorie, high-protein diet (milk, eggs, nuts, paneer, whole grains). Eat every 3–4 hours."
55,55-60,Female,Normal,"Healthy, maintain calcium & heart care",Maintain balanced diet and regular exercise; ensure hydration and proper sleep.,Low,Breakfast: Oats + Milk | Lunch: Rice + Veg dal | Snack: Boiled egg/Paneer | Dinner: Soup + Roti,"Balanced diet with fruits, vegetables, whole grains, and yoga/exercise 30 min daily."
60,55-60,Female,Obesity,"Heart disease, Arthritis, Stroke risk, Depression","Strictly avoid junk food, focus on low-calorie diet, consult doctor for weight management.",High,Breakfast: Porridge | Lunch: Soft rice + Veg | Snack: Fruit | Dinner: Soup,"Low-carb, low-fat diet. Avoid fried foods, sugary drinks, and eat small portions frequently."
27,25-34,Male,Normal,"Healthy, mild stress or work pressure possible",Maintain balanced diet and regular exercise; ensure hydration and proper sleep.,Low,Breakfast: Brown bread + Eggs | Lunch: Roti + Chicken + Veg | Snack: Nuts | Dinner: Soup + Chapati,"Balanced diet with fruits, vegetables, whole grains, and yoga/exercise 30 min daily."
37,35-44,Female,Normal,"Healthy, but screen for thyroid/menstrual health",Maintain balanced diet and regular exercise; ensure hydration and proper sleep.,Low,Breakfast: Dosa + Milk | Lunch: Roti + Dal + Veg | Snack: Fruit | Dinner: Soup + Chapati,"Balanced diet with fruits, vegetables, whole grains, and yoga/exercise 30 min daily."
20,18-24,Male,Underweight,"Anemia, Vitamin deficiency, Low muscle mass, Fatigue, Anxiety, Weak immunity",Increase calorie intake with protein & dairy; eat small meals often and do strength exercises.,Medium,"Breakfast: Milk + Banana + Boiled eggs | Lunch: Paneer, Rice, Dal | Snack: Nuts, Smoothie | Dinner: Chapati + Chicken/Paneer curry","High-calorie, high-protein diet (milk, eggs, nuts, paneer, whole grains). Eat every 3–4 hours."
25,25-34,Male,Overweight,"High BP, Early diabetes, Fatty liver, Gastric issues, Mental tension","Control portion size, reduce sugar and oil; prefer high-fiber meals and daily walks.",Medium,Breakfast: Poha + Tea | Lunch: Roti + Veg curry | Snack: Fruit | Dinner: Khichdi + Salad,"Low sugar, low oil, high-fiber meals. Include salads, fruits, and avoid junk food."
55,55-60,Male,Overweight,"High BP, Diabetes, Cardiac strain, Liver issues","Control portion size, reduce sugar and oil; prefer high-fiber meals and daily walks.",Medium,Breakfast: Soft oats | Lunch: Dal + Veg | Snack: Fruit | Dinner: Soup + Roti,"Low sugar, low oil, high-fiber meals. Include salads, fruits, and avoid junk food."
40,35-44,Female,Obesity,"Diabetes, Hypertension, Breast cancer risk, Anxiety, Heart strain","Strictly avoid junk food, focus on low-calorie diet, consult doctor for weight management.",High,Breakfast: Dalia | Lunch: Brown rice + Veg | Snack: Fruit | Dinner: Soup,"Low-carb, low-fat diet. Avoid fried foods, sugary drinks, and eat small portions frequently."
42,35-44,Female,Normal,"Healthy, but screen for thyroid/menstrual health",Maintain balanced diet and regular exercise; ensure hydration and proper sleep.,Low,Breakfast: Dosa + Milk | Lunch: Roti + Dal + Veg | Snack: Fruit | Dinner: Soup + Chapati,"Balanced diet with fruits, vegetables, whole grains, and yoga/exercise 30 min daily."
18,18-24,Female,Overweight,"PCOS, Thyroid imbalance, Insulin resistance, Mental tension","Control portion size, reduce sugar and oil; prefer high-fiber meals and daily walks.",Medium,Breakfast: Oats + Fruit | Lunch: Brown rice + Veg | Snack: Nuts | Dinner: Soup + Roti,"Low sugar, low oil, high-fiber meals. Include salads, fruits, and avoid junk food."
55,55-60,Male,Obesity,"Heart failure, Stroke, Chronic diabetes, Anxiety, Arthritis","Strictly avoid junk food, focus on low-calorie diet, consult doctor for weight management.",High,Breakfast: Porridge | Lunch: Dal + Veg | Snack: Fruit | Dinner: Soup,"Low-carb, low-fat diet. Avoid fried foods, sugary drinks, and eat small portions frequently."
43,35-44,Male,Underweight,"Anemia, Bone density loss, Fatigue, Stress",Increase calorie intake with protein & dairy; eat small meals often and do strength exercises.,Medium,Breakfast: Milk + Dry fruits | Lunch: Khichdi + Dal | Snack: Fruit shake | Dinner: Rice + Paneer curry,"High-calorie, high-protein diet (milk, eggs, nuts, paneer, whole grains). Eat every 3–4 hours."
50,45-54,Male,Obesity,"Cardiac disease, Stroke, Depression, Chronic fatigue","Strictly avoid junk food, focus on low-calorie diet, consult doctor for weight management.",High,Breakfast: Oats | Lunch: Roti + Veg | Snack: Seeds | Dinner: Soup + Salad,"Low-carb, low-fat diet. Avoid fried foods, sugary drinks, and eat small portions frequently."
59,55-60,Male,Underweight,"Frailty, Low bone density, Weak immunity",Increase calorie intake with protein & dairy; eat small meals often and do strength exercises.,Medium,Breakfast: Soft dalia + Milk | Lunch: Khichdi + Curd | Snack: Banana | Dinner: Soup + Soft roti + Paneer,"High-calorie, high-protein diet (milk, eggs, nuts, paneer, whole grains). Eat every 3–4 hours."
44,35-44,Male,Underweight,"Anemia, Bone density loss, Fatigue, Stress",Increase calorie intake with protein & dairy; eat small meals often and do strength exercises.,Medium,Breakfast: Milk + Dry fruits | Lunch: Khichdi + Dal | Snack: Fruit shake | Dinner: Rice + Paneer curry,"High-calorie, high-protein diet (milk, eggs, nuts, paneer, whole grains). Eat every 3–4 hours."
50,45-54,Female,Normal,"Healthy, menopause-related changes",Maintain balanced diet and regular exercise; ensure hydration and proper sleep.,Low,Breakfast: Idli + Chutney | Lunch: Brown rice + Dal | Snack: Seeds + Fruit | Dinner: Khichdi,"Balanced diet with fruits, vegetables, whole grains, and yoga/exercise 30 min daily."
59,55-60,Male,Overweight,"High BP, Diabetes, Cardiac strain, Liver issues","Control portion size, reduce sugar and oil; prefer high-fiber meals and daily walks.",Medium,Breakfast: Soft oats | Lunch: Dal + Veg | Snack: Fruit | Dinner: Soup + Roti,"Low sugar, low oil, high-fiber meals. Include salads, fruits, and avoid junk food."
21,18-24,Female,Normal,"Healthy, maintain fitness & hydration",Maintain balanced diet and regular exercise; ensure hydration and proper sleep.,Low,Breakfast: Oats + Fruit | Lunch: Rice + Veg curry | Snack: Nuts | Dinner: Chapati + Dal,"Balanced diet with fruits, vegetables, whole grains, and yoga/exercise 30 min daily."
56,55-60,Male,Normal,"Healthy aging, maintain diet & walk",Maintain balanced diet and regular exercise; ensure hydration and proper sleep.,Low,Breakfast: Dalia + Milk | Lunch: Soft rice + Dal | Snack: Fruit | Dinner: Soup + Roti,"Balanced diet with fruits, vegetables, whole grains, and yoga/exercise 30 min daily."
57,55-60,Female,Underweight,"Osteoporosis, Menopause fatigue, Weak immunity",Increase calorie intake with protein & dairy; eat small meals often and do strength exercises.,Medium,Breakfast: Oats + Milk | Lunch: Rice + Dal | Snack: Boiled egg/Paneer | Dinner: Soft khichdi,"High-calorie, high-protein diet (milk, eggs, nuts, paneer, whole grains). Eat every 3–4 hours."
32,25-34,Male,Underweight,"Weak immunity, Muscle loss, Nutrient deficiency, Anxiety, Fatigue",Increase calorie intake with protein & dairy; eat small meals often and do strength exercises.,Medium,Breakfast: Paratha + Curd | Lunch: Dal rice + Paneer | Snack: Peanut butter toast | Dinner: Roti + Green vegi/Chicken/Fish + Veggies,"High-calorie, high-protein diet (milk, eggs, nuts, paneer, whole grains). Eat every 3–4 hours."
44,35-44,Male,Normal,"Healthy, but rising risk of hypertension and liver fat",Maintain balanced diet and regular exercise; ensure hydration and proper sleep.,Low,Breakfast: Poha + Milk | Lunch: Roti + Dal + Veg | Snack: Fruit | Dinner: Khichdi + Curd,"Balanced diet with fruits, vegetables, whole grains, and yoga/exercise 30 min daily."
59,55-60,Female,Obesity,"Heart disease, Arthritis, Stroke risk, Depression","Strictly avoid junk food, focus on low-calorie diet, consult doctor for weight management.",High,Breakfast: Porridge | Lunch: Soft rice + Veg | Snack: Fruit | Dinner: Soup,"Low-carb, low-fat diet. Avoid fried foods, sugary drinks, and eat small portions frequently."
51,45-54,Female,Normal,"Healthy, menopause-related changes",Maintain balanced diet and regular exercise; ensure hydration and proper sleep.,Low,Breakfast: Idli + Chutney | Lunch: Brown rice + Dal | Snack: Seeds + Fruit | Dinner: Khichdi,"Balanced diet with fruits, vegetables, whole grains, and yoga/exercise 30 min daily."
29,25-34,Female,Obesity,"PCOS, Infertility, Type 2 Diabetes, Hypertension, Anxiety","Strictly avoid junk food, focus on low-calorie diet, consult doctor for weight management.",High,Breakfast: Oats | Lunch: Roti + Veg | Snack: Green tea | Dinner: Soup + Salad,"Low-carb, low-fat diet. Avoid fried foods, sugary drinks, and eat small portions frequently."
33,25-34,Female,Overweight,"PCOS, Thyroid disorder, Gestational risk, Depression, Liver fat","Control portion size, reduce sugar and oil; prefer high-fiber meals and daily walks.",Medium,Breakfast: Smoothie + Seeds | Lunch: Roti + Veg curry | Snack: Fruit | Dinner: Dal soup,"Low sugar, low oil, high-fiber meals. Include salads, fruits, and avoid junk food."
48,45-54,Male,Overweight,"Hypertension, Diabetes, Fatty liver, Anxiety, Joint pain","Control portion size, reduce sugar and oil; prefer high-fiber meals and daily walks.",Medium,Breakfast: Dalia + Fruit | Lunch: Roti + Veg | Snack: Nuts | Dinner: Light khichdi,"Low sugar, low oil, high-fiber meals. Include salads, fruits, and avoid junk food."
40,35-44,Female,Normal,"Healthy, but screen for thyroid/menstrual health",Maintain balanced diet and regular exercise; ensure hydration and proper sleep.,Low,Breakfast: Dosa + Milk | Lunch: Roti + Dal + Veg | Snack: Fruit | Dinner: Soup + Chapati,"Balanced diet with fruits, vegetables, whole grains, and yoga/exercise 30 min daily."
21,18-24,Male,Overweight,"Early hypertension, Fatty liver, Insulin resistance, Tension, Sleep disturbance","Control portion size, reduce sugar and oil; prefer high-fiber meals and daily walks.",Medium,Breakfast: Oats + Fruit | Lunch: Brown rice + Veg + Dal | Snack: Green tea + Nuts | Dinner: Soup + Chapati,"Low sugar, low oil, high-fiber meals. Include salads, fruits, and avoid junk food."
52,45-54,Male,Normal,"Good health, monitor BP and sugar regularly",Maintain balanced diet and regular exercise; ensure hydration and proper sleep.,Low,Breakfast: Oats + Milk | Lunch: Rice + Dal + Veg | Snack: Fruit | Dinner: Roti + Soup,"Balanced diet with fruits, vegetables, whole grains, and yoga/exercise 30 min daily."
60,55-60,Male,Underweight,"Frailty, Low bone density, Weak immunity",Increase calorie intake with protein & dairy; eat small meals often and do strength exercises.,Medium,Breakfast: Soft dalia + Milk | Lunch: Khichdi + Curd | Snack: Banana | Dinner: Soup + Soft roti + Paneer,"High-calorie, high-protein diet (milk, eggs, nuts, paneer, whole grains). Eat every 3–4 hours."
33,25-34,Male,Overweight,"High BP, Early diabetes, Fatty liver, Gastric issues, Mental tension","Control portion size, reduce sugar and oil; prefer high-fiber meals and daily walks.",Medium,Breakfast: Poha + Tea | Lunch: Roti + Veg curry | Snack: Fruit | Dinner: Khichdi + Salad,"Low sugar, low oil, high-fiber meals. Include salads, fruits, and avoid junk food."
22,18-24,Male,Normal,"Healthy, possible stress or mild anxiety due to lifestyle",Maintain balanced diet and regular exercise; ensure hydration and proper sleep.,Low,Breakfast: Oats + Milk | Lunch: Roti + Veg + Dal | Snack: Fruit | Dinner: Rice + Dal + Salad,"Balanced diet with fruits, vegetables, whole grains, and yoga/exercise 30 min daily."
32,25-34,Female,Overweight,"PCOS, Thyroid disorder, Gestational risk, Depression, Liver fat","Control portion size, reduce sugar and oil; prefer high-fiber meals and daily walks.",Medium,Breakfast: Smoothie + Seeds | Lunch: Roti + Veg curry | Snack: Fruit | Dinner: Dal soup,"Low sugar, low oil, high-fiber meals. Include salads, fruits, and avoid junk food."
60,55-60,Female,Normal,"Healthy, maintain calcium & heart care",Maintain balanced diet and regular exercise; ensure hydration and proper sleep.,Low,Breakfast: Oats + Milk | Lunch: Rice + Veg dal | Snack: Boiled egg/Paneer | Dinner: Soup + Roti,"Balanced diet with fruits, vegetables, whole grains, and yoga/exercise 30 min daily."
31,25-34,Female,Underweight,"PCOD, Fatigue, Irregular cycles, Anemia, Anxiety",Increase calorie intake with protein & dairy; eat small meals often and do strength exercises.,Medium,Breakfast: Milk + Dry fruits | Lunch: Dal + Chapati + Salad | Snack: Yogurt + Nuts | Dinner: Khichdi + Ghee,"High-calorie, high-protein diet (milk, eggs, nuts, paneer, whole grains). Eat every 3–4 hours."
58,55-60,Male,Normal,"Healthy aging, maintain diet & walk",Maintain balanced diet and regular exercise; ensure hydration and proper sleep.,Low,Breakfast: Dalia + Milk | Lunch: Soft rice + Dal | Snack: Fruit | Dinner: Soup + Roti,"Balanced diet with fruits, vegetables, whole grains, and yoga/exercise 30 min daily."
47,45-54,Female,Underweight,"Osteoporosis, Hormone imbalance, Stress",Increase calorie intake with protein & dairy; eat small meals often and do strength exercises.,Medium,Breakfast: Poha + Milk | Lunch: Khichdi + Dal | Snack: Banana | Dinner: Soup + Roti,"High-calorie, high-protein diet (milk, eggs, nuts, paneer, whole grains). Eat every 3–4 hours."
38,35-44,Male,Underweight,"Anemia, Bone density loss, Fatigue, Stress",Increase calorie intake with protein & dairy; eat small meals often and do strength exercises.,Medium,Breakfast: Milk + Dry fruits | Lunch: Khichdi + Dal | Snack: Fruit shake | Dinner: Rice + Paneer curry,"High-calorie, high-protein diet (milk, eggs, nuts, paneer, whole grains). Eat every 3–4 hours."
56,55-60,Male,Obesity,"Heart failure, Stroke, Chronic diabetes, Anxiety, Arthritis","Strictly avoid junk food, focus on low-calorie diet, consult doctor for weight management.",High,Breakfast: Porridge | Lunch: Dal + Veg | Snack: Fruit | Dinner: Soup,"Low-carb, low-fat diet. Avoid fried foods, sugary drinks, and eat small portions frequently."
48,45-54,Female,Underweight,"Osteoporosis, Hormone imbalance, Stress",Increase calorie intake with protein & dairy; eat small meals often and do strength exercises.,Medium,Breakfast: Poha + Milk | Lunch: Khichdi + Dal | Snack: Banana | Dinner: Soup + Roti,"High-calorie, high-protein diet (milk, eggs, nuts, paneer, whole grains). Eat every 3–4 hours."
57,55-60,Female,Normal,"Healthy, maintain calcium & heart care",Maintain balanced diet and regular exercise; ensure hydration and proper sleep.,Low,Breakfast: Oats + Milk | Lunch: Rice + Veg dal | Snack: Boiled egg/Paneer | Dinner: Soup + Roti,"Balanced diet with fruits, vegetables, whole grains, and yoga/exercise 30 min daily."
49,45-54,Female,Overweight,"Thyroid, Diabetes, Joint stiffness, Anxiety","Control portion size, reduce sugar and oil; prefer high-fiber meals and daily walks.",Medium,Breakfast: Oats + Milk | Lunch: Roti + Dal | Snack: Seeds | Dinner: Light Veg soup,"Low sugar, low oil, high-fiber meals. Include salads, fruits, and avoid junk food."
37,35-44,Female,Overweight,"Thyroid issues, PCOS, Joint pain, Hypertension","Control portion size, reduce sugar and oil; prefer high-fiber meals and daily walks.",Medium,Breakfast: Poha + Tea | Lunch: Rice + Veg | Snack: Salad | Dinner: Soup + Khichdi,"Low sugar, low oil, high-fiber meals. Include salads, fruits, and avoid junk food."
45,45-54,Female,Normal,"Healthy, menopause-related changes",Maintain balanced diet and regular exercise; ensure hydration and proper sleep.,Low,Breakfast: Idli + Chutney | Lunch: Brown rice + Dal | Snack: Seeds + Fruit | Dinner: Khichdi,"Balanced diet with fruits, vegetables, whole grains, and yoga/exercise 30 min daily."
22,18-24,Female,Obesity,"PCOS/PCOD, Type 2 Diabetes, Fertility issues, Depression","Strictly avoid junk food, focus on low-calorie diet, consult doctor for weight management.",High,Breakfast: Smoothie + Seeds | Lunch: Brown rice + Dal + Veg | Snack: Fruit | Dinner: Soup,"Low-carb, low-fat diet. Avoid fried foods, sugary drinks, and eat small portions frequently."
35,35-44,Female,Normal,"Healthy, but screen for thyroid/menstrual health",Maintain balanced diet and regular exercise; ensure hydration and proper sleep.,Low,Breakfast: Dosa + Milk | Lunch: Roti + Dal + Veg | Snack: Fruit | Dinner: Soup + Chapati,"Balanced diet with fruits, vegetables, whole grains, and yoga/exercise 30 min daily."
60,55-60,Male,Obesity,"Heart failure, Stroke, Chronic diabetes, Anxiety, Arthritis","Strictly avoid junk food, focus on low-calorie diet, consult doctor for weight management.",High,Breakfast: Porridge | Lunch: Dal + Veg | Snack: Fruit | Dinner: Soup,"Low-carb, low-fat diet. Avoid fried foods, sugary drinks, and eat small portions frequently."
23,18-24,Female,Obesity,"PCOS/PCOD, Type 2 Diabetes, Fertility issues, Depression","Strictly avoid junk food, focus on low-calorie diet, consult doctor for weight management.",High,Breakfast: Smoothie + Seeds | Lunch: Brown rice + Dal + Veg | Snack: Fruit | Dinner: Soup,"Low-carb, low-fat diet. Avoid fried foods, sugary drinks, and eat small portions frequently."
42,35-44,Female,Underweight,"Osteopenia, Hormonal issues, Fatigue, Nutritional deficiency",Increase calorie intake with protein & dairy; eat small meals often and do strength exercises.,Medium,Breakfast: Idli + Coconut chutney | Lunch: Dal rice + Veg | Snack: Fruit smoothie | Dinner: Chapati + Paneer,"High-calorie, high-protein diet (milk, eggs, nuts, paneer, whole grains). Eat every 3–4 hours."
58,55-60,Female,Normal,"Healthy, maintain calcium & heart care",Maintain balanced diet and regular exercise; ensure hydration and proper sleep.,Low,Breakfast: Oats + Milk | Lunch: Rice + Veg dal | Snack: Boiled egg/Paneer | Dinner: Soup + Roti,"Balanced diet with fruits, vegetables, whole grains, and yoga/exercise 30 min daily."
56,55-60,Male,Overweight,"High BP, Diabetes, Cardiac strain, Liver issues","Control portion size, reduce sugar and oil; prefer high-fiber meals and daily walks.",Medium,Breakfast: Soft oats | Lunch: Dal + Veg | Snack: Fruit | Dinner: Soup + Roti,"Low sugar, low oil, high-fiber meals. Include salads, fruits, and avoid junk food."
46,45-54,Male,Obesity,"Cardiac disease, Stroke, Depression, Chronic fatigue","Strictly avoid junk food, focus on low-calorie diet, consult doctor for weight management.",High,Breakfast: Oats | Lunch: Roti + Veg | Snack: Seeds | Dinner: Soup + Salad,"Low-carb, low-fat diet. Avoid fried foods, sugary drinks, and eat small portions frequently."
36,35-44,Female,Obesity,"Diabetes, Hypertension, Breast cancer risk, Anxiety, Heart strain","Strictly avoid junk food, focus on low-calorie diet, consult doctor for weight management.",High,Breakfast: Dalia | Lunch: Brown rice + Veg | Snack: Fruit | Dinner: Soup,"Low-carb, low-fat diet. Avoid fried foods, sugary drinks, and eat small portions frequently."
56,55-60,Male,Overweight,"High BP, Diabetes, Cardiac strain, Liver issues","Control portion size, reduce sugar and oil; prefer high-fiber meals and daily walks.",Medium,Breakfast: Soft oats | Lunch: Dal + Veg | Snack: Fruit | Dinner: Soup + Roti,"Low sugar, low oil, high-fiber meals. Include salads, fruits, and avoid junk food."
18,18-24,Male,Normal,"Healthy, possible stress or mild anxiety due to lifestyle",Maintain balanced diet and regular exercise; ensure hydration and proper sleep.,Low,Breakfast: Oats + Milk | Lunch: Roti + Veg + Dal | Snack: Fruit | Dinner: Rice + Dal + Salad,"Balanced diet with fruits, vegetables, whole grains, and yoga/exercise 30 min daily."
34,25-34,Female,Normal,"Healthy, maintain balanced diet, mild stress risk",Maintain balanced diet and regular exercise; ensure hydration and proper sleep.,Low,Breakfast: Poha + Milk | Lunch: Roti + Veg + Salad | Snack: Yogurt | Dinner: Khichdi + Curd,"Balanced diet with fruits, vegetables, whole grains, and yoga/exercise 30 min daily."
26,25-34,Male,Overweight,"High BP, Early diabetes, Fatty liver, Gastric issues, Mental tension","Control portion size, reduce sugar and oil; prefer high-fiber meals and daily walks.",Medium,Breakfast: Poha + Tea | Lunch: Roti + Veg curry | Snack: Fruit | Dinner: Khichdi + Salad,"Low sugar, low oil, high-fiber meals. Include salads, fruits, and avoid junk food."
59,55-60,Female,Obesity,"Heart disease, Arthritis, Stroke risk, Depression","Strictly avoid junk food, focus on low-calorie diet, consult doctor for weight management.",High,Breakfast: Porridge | Lunch: Soft rice + Veg | Snack: Fruit | Dinner: Soup,"Low-carb, low-fat diet. Avoid fried foods, sugary drinks, and eat small portions frequently."
25,25-34,Male,Overweight,"High BP, Early diabetes, Fatty liver, Gastric issues, Mental tension","Control portion size, reduce sugar and oil; prefer high-fiber meals and daily walks.",Medium,Breakfast: Poha + Tea | Lunch: Roti + Veg curry | Snack: Fruit | Dinner: Khichdi + Salad,"Low sugar, low oil, high-fiber meals. Include salads, fruits, and avoid junk food."
49,45-54,Male,Obesity,"Cardiac disease, Stroke, Depression, Chronic fatigue","Strictly avoid junk food, focus on low-calorie diet, consult doctor for weight management.",High,Breakfast: Oats | Lunch: Roti + Veg | Snack: Seeds | Dinner: Soup + Salad,"Low-carb, low-fat diet. Avoid fried foods, sugary drinks, and eat small portions frequently."
18,18-24,Female,Normal,"Healthy, maintain fitness & hydration",Maintain balanced diet and regular exercise; ensure hydration and proper sleep.,Low,Breakfast: Oats + Fruit | Lunch: Rice + Veg curry | Snack: Nuts | Dinner: Chapati + Dal,"Balanced diet with fruits, vegetables, whole grains, and yoga/exercise 30 min daily."
58,55-60,Male,Overweight,"High BP, Diabetes, Cardiac strain, Liver issues","Control portion size, reduce sugar and oil; prefer high-fiber meals and daily walks.",Medium,Breakfast: Soft oats | Lunch: Dal + Veg | Snack: Fruit | Dinner: Soup + Roti,"Low sugar, low oil, high-fiber meals. Include salads, fruits, and avoid junk food."
22,18-24,Female,Obesity,"PCOS/PCOD, Type 2 Diabetes, Fertility issues, Depression","Strictly avoid junk food, focus on low-calorie diet, consult doctor for weight management.",High,Breakfast: Smoothie + Seeds | Lunch: Brown rice + Dal + Veg | Snack: Fruit | Dinner: Soup,"Low-carb, low-fat diet. Avoid fried foods, sugary drinks, and eat small portions frequently."
24,18-24,Female,Underweight,"Iron deficiency, Hormonal imbalance, Irregular periods, Anxiety, Hair loss",Increase calorie intake with protein & dairy; eat small meals often and do strength exercises.,Medium,Breakfast: Oats + Milk | Lunch: Rice + Dal + Paneer | Snack: Fruit | Dinner: Chapati + Veg + Paneer,"High-calorie, high-protein diet (milk, eggs, nuts, paneer, whole grains). Eat every 3–4 hours."
54,45-54,Female,Overweight,"Thyroid, Diabetes, Joint stiffness, Anxiety","Control portion size, reduce sugar and oil; prefer high-fiber meals and daily walks.",Medium,Breakfast: Oats + Milk | Lunch: Roti + Dal | Snack: Seeds | Dinner: Light Veg soup,"Low sugar, low oil, high-fiber meals. Include salads, fruits, and avoid junk food."
33,25-34,Female,Overweight,"PCOS, Thyroid disorder, Gestational risk, Depression, Liver fat","Control portion size, reduce sugar and oil; prefer high-fiber meals and daily walks.",Medium,Breakfast: Smoothie + Seeds | Lunch: Roti + Veg curry | Snack: Fruit | Dinner: Dal soup,"Low sugar, low oil, high-fiber meals. Include salads, fruits, and avoid junk food."
27,25-34,Male,Obesity,"Heart disease, Sleep apnea, Liver problems, Anxiety, Depression","Strictly avoid junk food, focus on low-calorie diet, consult doctor for weight management.",High,Breakfast: Dalia + Fruit | Lunch: Roti + Veg | Snack: Green tea | Dinner: Soup + Salad,"Low-carb, low-fat diet. Avoid fried foods, sugary drinks, and eat small portions frequently."
54,45-54,Female,Obesity,"Hypertension, Type 2 Diabetes, Heart issues, Depression, Liver problems","Strictly avoid junk food, focus on low-calorie diet, consult doctor for weight management.",High,Breakfast: Oats | Lunch: Roti + Dal  | Snack: Seeds | Dinner: Soup,"Low-carb, low-fat diet. Avoid fried foods, sugary drinks, and eat small portions frequently."
39,35-44,Male,Normal,"Healthy, but rising risk of hypertension and liver fat",Maintain balanced diet and regular exercise; ensure hydration and proper sleep.,Low,Breakfast: Poha + Milk | Lunch: Roti + Dal + Veg | Snack: Fruit | Dinner: Khichdi + Curd,"Balanced diet with fruits, vegetables, whole grains, and yoga/exercise 30 min daily."
40,35-44,Male,Obesity,"Diabetes, Sleep apnea, Cardiac disease, Liver cirrhosis, Depression","Strictly avoid junk food, focus on low-calorie diet, consult doctor for weight management.",High,Breakfast: Oats | Lunch: Brown rice + Veg | Snack: Nuts | Dinner: Soup + Salad,"Low-carb, low-fat diet. Avoid fried foods, sugary drinks, and eat small portions frequently."
31,25-34,Male,Overweight,"High BP, Early diabetes, Fatty liver, Gastric issues, Mental tension","Control portion size, reduce sugar and oil; prefer high-fiber meals and daily walks.",Medium,Breakfast: Poha + Tea | Lunch: Roti + Veg curry | Snack: Fruit | Dinner: Khichdi + Salad,"Low sugar, low oil, high-fiber meals. Include salads, fruits, and avoid junk food."
47,45-54,Female,Underweight,"Osteoporosis, Hormone imbalance, Stress",Increase calorie intake with protein & dairy; eat small meals often and do strength exercises.,Medium,Breakfast: Poha + Milk | Lunch: Khichdi + Dal | Snack: Banana | Dinner: Soup + Roti,"High-calorie, high-protein diet (milk, eggs, nuts, paneer, whole grains). Eat every 3–4 hours."
54,45-54,Female,Overweight,"Thyroid, Diabetes, Joint stiffness, Anxiety","Control portion size, reduce sugar and oil; prefer high-fiber meals and daily walks.",Medium,Breakfast: Oats + Milk | Lunch: Roti + Dal | Snack: Seeds | Dinner: Light Veg soup,"Low sugar, low oil, high-fiber meals. Include salads, fruits, and avoid junk food."
23,18-24,Male,Overweight,"Early hypertension, Fatty liver, Insulin resistance, Tension, Sleep disturbance","Control portion size, reduce sugar and oil; prefer high-fiber meals and daily walks.",Medium,Breakfast: Oats + Fruit | Lunch: Brown rice + Veg + Dal | Snack: Green tea + Nuts | Dinner: Soup + Chapati,"Low sugar, low oil, high-fiber meals. Include salads, fruits, and avoid junk food."
26,25-34,Female,Obesity,"PCOS, Infertility, Type 2 Diabetes, Hypertension, Anxiety","Strictly avoid junk food, focus on low-calorie diet, consult doctor for weight management.",High,Breakfast: Oats | Lunch: Roti + Veg | Snack: Green tea | Dinner: Soup + Salad,"Low-carb, low-fat diet. Avoid fried foods, sugary drinks, and eat small portions frequently."
55,55-60,Female,Underweight,"Osteoporosis, Menopause fatigue, Weak immunity",Increase calorie intake with protein & dairy; eat small meals often and do strength exercises.,Medium,Breakfast: Oats + Milk | Lunch: Rice + Dal | Snack: Boiled egg/Paneer | Dinner: Soft khichdi,"High-calorie, high-protein diet (milk, eggs, nuts, paneer, whole grains). Eat every 3–4 hours."
53,45-54,Male,Normal,"Good health, monitor BP and sugar regularly",Maintain balanced diet and regular exercise; ensure hydration and proper sleep.,Low,Breakfast: Oats + Milk | Lunch: Rice + Dal + Veg | Snack: Fruit | Dinner: Roti + Soup,"Balanced diet with fruits, vegetables, whole grains, and yoga/exercise 30 min daily."
38,35-44,Male,Obesity,"Diabetes, Sleep apnea, Cardiac disease, Liver cirrhosis, Depression","Strictly avoid junk food, focus on low-calorie diet, consult doctor for weight management.",High,Breakfast: Oats | Lunch: Brown rice + Veg | Snack: Nuts | Dinner: Soup + Salad,"Low-carb, low-fat diet. Avoid fried foods, sugary drinks, and eat small portions frequently."
45,45-54,Male,Obesity,"Cardiac disease, Stroke, Depression, Chronic fatigue","Strictly avoid junk food, focus on low-calorie diet, consult doctor for weight management.",High,Breakfast: Oats | Lunch: Roti + Veg | Snack: Seeds | Dinner: Soup + Salad,"Low-carb, low-fat diet. Avoid fried foods, sugary drinks, and eat small portions frequently."
34,25-34,Male,Obesity,"Heart disease, Sleep apnea, Liver problems, Anxiety, Depression","Strictly avoid junk food, focus on low-calorie diet, consult doctor for weight management.",High,Breakfast: Dalia + Fruit | Lunch: Roti + Veg | Snack: Green tea | Dinner: Soup + Salad,"Low-carb, low-fat diet. Avoid fried foods, sugary drinks, and eat small portions frequently."
26,25-34,Male,Normal,"Healthy, mild stress or work pressure possible",Maintain balanced diet and regular exercise; ensure hydration and proper sleep.,Low,Breakfast: Brown bread + Eggs | Lunch: Roti + Chicken + Veg | Snack: Nuts | Dinner: Soup + Chapati,"Balanced diet with fruits, vegetables, whole grains, and yoga/exercise 30 min daily."
22,18-24,Female,Underweight,"Iron deficiency, Hormonal imbalance, Irregular periods, Anxiety, Hair loss",Increase calorie intake with protein & dairy; eat small meals often and do strength exercises.,Medium,Breakfast: Oats + Milk | Lunch: Rice + Dal + Paneer | Snack: Fruit | Dinner: Chapati + Veg + Paneer,"High-calorie, high-protein diet (milk, eggs, nuts, paneer, whole grains). Eat every 3–4 hours."
53,45-54,Male,Underweight,"Muscle loss, Nutrient deficiency, Stress",Increase calorie intake with protein & dairy; eat small meals often and do strength exercises.,Medium,Breakfast: Oats + Milk | Lunch: Dal + Rice + Veg | Snack: Fruit + Seeds | Dinner: Chapati + Paneer/Tofu,"High-calorie, high-protein diet (milk, eggs, nuts, paneer, whole grains). Eat every 3–4 hours."
23,18-24,Female,Overweight,"PCOS, Thyroid imbalance, Insulin resistance, Mental tension","Control portion size, reduce sugar and oil; prefer high-fiber meals and daily walks.",Medium,Breakfast: Oats + Fruit | Lunch: Brown rice + Veg | Snack: Nuts | Dinner: Soup + Roti,"Low sugar, low oil, high-fiber meals. Include salads, fruits, and avoid junk food."
44,35-44,Female,Underweight,"Osteopenia, Hormonal issues, Fatigue, Nutritional deficiency",Increase calorie intake with protein & dairy; eat small meals often and do strength exercises.,Medium,Breakfast: Idli + Coconut chutney | Lunch: Dal rice + Veg | Snack: Fruit smoothie | Dinner: Chapati + Paneer,"High-calorie, high-protein diet (milk, eggs, nuts, paneer, whole grains). Eat every 3–4 hours."
56,55-60,Male,Normal,"Healthy aging, maintain diet & walk",Maintain balanced diet and regular exercise; ensure hydration and proper sleep.,Low,Breakfast: Dalia + Milk | Lunch: Soft rice + Dal | Snack: Fruit | Dinner: Soup + Roti,"Balanced diet with fruits, vegetables, whole grains, and yoga/exercise 30 min daily."
27,25-34,Male,Obesity,"Heart disease, Sleep apnea, Liver problems, Anxiety, Depression","Strictly avoid junk food, focus on low-calorie diet, consult doctor for weight management.",High,Breakfast: Dalia + Fruit | Lunch: Roti + Veg | Snack: Green tea | Dinner: Soup + Salad,"Low-carb, low-fat diet. Avoid fried foods, sugary drinks, and eat small portions frequently."
45,45-54,Female,Normal,"Healthy, menopause-related changes",Maintain balanced diet and regular exercise; ensure hydration and proper sleep.,Low,Breakfast: Idli + Chutney | Lunch: Brown rice + Dal | Snack: Seeds + Fruit | Dinner: Khichdi,"Balanced diet with fruits, vegetables, whole grains, and yoga/exercise 30 min daily."
32,25-34,Male,Normal,"Healthy, mild stress or work pressure possible",Maintain balanced diet and regular exercise; ensure hydration and proper sleep.,Low,Breakfast: Brown bread + Eggs | Lunch: Roti + Chicken + Veg | Snack: Nuts | Dinner: Soup + Chapati,"Balanced diet with fruits, vegetables, whole grains, and yoga/exercise 30 min daily."
59,55-60,Female,Normal,"Healthy, maintain calcium & heart care",Maintain balanced diet and regular exercise; ensure hydration and proper sleep.,Low,Breakfast: Oats + Milk | Lunch: Rice + Veg dal | Snack: Boiled egg/Paneer | Dinner: Soup + Roti,"Balanced diet with fruits, vegetables, whole grains, and yoga/exercise 30 min daily."
57,55-60,Female,Overweight,"BP, Diabetes, Joint pain, Anxiety","Control portion size, reduce sugar and oil; prefer high-fiber meals and daily walks.",Medium,Breakfast: Dalia | Lunch: Soft rice + Dal | Snack: Fruit | Dinner: Soup,"Low sugar, low oil, high-fiber meals. Include salads, fruits, and avoid junk food."
52,45-54,Female,Normal,"Healthy, menopause-related changes",Maintain balanced diet and regular exercise; ensure hydration and proper sleep.,Low,Breakfast: Idli + Chutney | Lunch: Brown rice + Dal | Snack: Seeds + Fruit | Dinner: Khichdi,"Balanced diet with fruits, vegetables, whole grains, and yoga/exercise 30 min daily."
55,55-60,Female,Normal,"Healthy, maintain calcium & heart care",Maintain balanced diet and regular exercise; ensure hydration and proper sleep.,Low,Breakfast: Oats + Milk | Lunch: Rice + Veg dal | Snack: Boiled egg/Paneer | Dinner: Soup + Roti,"Balanced diet with fruits, vegetables, whole grains, and yoga/exercise 30 min daily."
18,18-24,Female,Overweight,"PCOS, Thyroid imbalance, Insulin resistance, Mental tension","Control portion size, reduce sugar and oil; prefer high-fiber meals and daily walks.",Medium,Breakfast: Oats + Fruit | Lunch: Brown rice + Veg | Snack: Nuts | Dinner: Soup + Roti,"Low sugar, low oil, high-fiber meals. Include salads, fruits, and avoid junk food."
60,55-60,Male,Underweight,"Frailty, Low bone density, Weak immunity",Increase calorie intake with protein & dairy; eat small meals often and do strength exercises.,Medium,Breakfast: Soft dalia + Milk | Lunch: Khichdi + Curd | Snack: Banana | Dinner: Soup + Soft roti + Paneer,"High-calorie, high-protein diet (milk, eggs, nuts, paneer, whole grains). Eat every 3–4 hours."
23,18-24,Male,Overweight,"Early hypertension, Fatty liver, Insulin resistance, Tension, Sleep disturbance","Control portion size, reduce sugar and oil; prefer high-fiber meals and daily walks.",Medium,Breakfast: Oats + Fruit | Lunch: Brown rice + Veg + Dal | Snack: Green tea + Nuts | Dinner: Soup + Chapati,"Low sugar, low oil, high-fiber meals. Include salads, fruits, and avoid junk food."
54,45-54,Male,Overweight,"Hypertension, Diabetes, Fatty liver, Anxiety, Joint pain","Control portion size, reduce sugar and oil; prefer high-fiber meals and daily walks.",Medium,Breakfast: Dalia + Fruit | Lunch: Roti + Veg | Snack: Nuts | Dinner: Light khichdi,"Low sugar, low oil, high-fiber meals. Include salads, fruits, and avoid junk food."
43,35-44,Female,Obesity,"Diabetes, Hypertension, Breast cancer risk, Anxiety, Heart strain","Strictly avoid junk food, focus on low-calorie diet, consult doctor for weight management.",High,Breakfast: Dalia | Lunch: Brown rice + Veg | Snack: Fruit | Dinner: Soup,"Low-carb, low-fat diet. Avoid fried foods, sugary drinks, and eat small portions frequently."
28,25-34,Female,Normal,"Healthy, maintain balanced diet, mild stress risk",Maintain balanced diet and regular exercise; ensure hydration and proper sleep.,Low,Breakfast: Poha + Milk | Lunch: Roti + Veg + Salad | Snack: Yogurt | Dinner: Khichdi + Curd,"Balanced diet with fruits, vegetables, whole grains, and yoga/exercise 30 min daily."
55,55-60,Female,Obesity,"Heart disease, Arthritis, Stroke risk, Depression","Strictly avoid junk food, focus on low-calorie diet, consult doctor for weight management.",High,Breakfast: Porridge | Lunch: Soft rice + Veg | Snack: Fruit | Dinner: Soup,"Low-carb, low-fat diet. Avoid fried foods, sugary drinks, and eat small portions frequently."
51,45-54,Male,Underweight,"Muscle loss, Nutrient deficiency, Stress",Increase calorie intake with protein & dairy; eat small meals often and do strength exercises.,Medium,Breakfast: Oats + Milk | Lunch: Dal + Rice + Veg | Snack: Fruit + Seeds | Dinner: Chapati + Paneer/Tofu,"High-calorie, high-protein diet (milk, eggs, nuts, paneer, whole grains). Eat every 3–4 hours."
52,45-54,Female,Underweight,"Osteoporosis, Hormone imbalance, Stress",Increase calorie intake with protein & dairy; eat small meals often and do strength exercises.,Medium,Breakfast: Poha + Milk | Lunch: Khichdi + Dal | Snack: Banana | Dinner: Soup + Roti,"High-calorie, high-protein diet (milk, eggs, nuts, paneer, whole grains). Eat every 3–4 hours."
42,35-44,Male,Overweight,"Hypertension, Cholesterol, Fatty liver, Anxiety","Control portion size, reduce sugar and oil; prefer high-fiber meals and daily walks.",Medium,Breakfast: Oats + Milk | Lunch: Roti + Dal + Veg | Snack: Green tea | Dinner: Soup + Roti,"Low sugar, low oil, high-fiber meals. Include salads, fruits, and avoid junk food."
39,35-44,Female,Underweight,"Osteopenia, Hormonal issues, Fatigue, Nutritional deficiency",Increase calorie intake with protein & dairy; eat small meals often and do strength exercises.,Medium,Breakfast: Idli + Coconut chutney | Lunch: Dal rice + Veg | Snack: Fruit smoothie | Dinner: Chapati + Paneer,"High-calorie, high-protein diet (milk, eggs, nuts, paneer, whole grains). Eat every 3–4 hours."
24,18-24,Female,Underweight,"Iron deficiency, Hormonal imbalance, Irregular periods, Anxiety, Hair loss",Increase calorie intake with protein & dairy; eat small meals often and do strength exercises.,Medium,Breakfast: Oats + Milk | Lunch: Rice + Dal + Paneer | Snack: Fruit | Dinner: Chapati + Veg + Paneer,"High-calorie, high-protein diet (milk, eggs, nuts, paneer, whole grains). Eat every 3–4 hours."
21,18-24,Male,Underweight,"Anemia, Vitamin deficiency, Low muscle mass, Fatigue, Anxiety, Weak immunity",Increase calorie intake with protein & dairy; eat small meals often and do strength exercises.,Medium,"Breakfast: Milk + Banana + Boiled eggs | Lunch: Paneer, Rice, Dal | Snack: Nuts, Smoothie | Dinner: Chapati + Chicken/Paneer curry","High-calorie, high-protein diet (milk, eggs, nuts, paneer, whole grains). Eat every 3–4 hours."
45,45-54,Male,Normal,"Good health, monitor BP and sugar regularly",Maintain balanced diet and regular exercise; ensure hydration and proper sleep.,Low,Breakfast: Oats + Milk | Lunch: Rice + Dal + Veg | Snack: Fruit | Dinner: Roti + Soup,"Balanced diet with fruits, vegetables, whole grains, and yoga/exercise 30 min daily."
25,25-34,Male,Underweight,"Weak immunity, Muscle loss, Nutrient deficiency, Anxiety, Fatigue",Increase calorie intake with protein & dairy; eat small meals often and do strength exercises.,Medium,Breakfast: Paratha + Curd | Lunch: Dal rice + Paneer | Snack: Peanut butter toast | Dinner: Roti + Green vegi/Chicken/Fish + Veggies,"High-calorie, high-protein diet (milk, eggs, nuts, paneer, whole grains). Eat every 3–4 hours."
21,18-24,Female,Obesity,"PCOS/PCOD, Type 2 Diabetes, Fertility issues, Depression","Strictly avoid junk food, focus on low-calorie diet, consult doctor for weight management.",High,Breakfast: Smoothie + Seeds | Lunch: Brown rice + Dal + Veg | Snack: Fruit | Dinner: Soup,"Low-carb, low-fat diet. Avoid fried foods, sugary drinks, and eat small portions frequently."
39,35-44,Female,Normal,"Healthy, but screen for thyroid/menstrual health",Maintain balanced diet and regular exercise; ensure hydration and proper sleep.,Low,Breakfast: Dosa + Milk | Lunch: Roti + Dal + Veg | Snack: Fruit | Dinner: Soup + Chapati,"Balanced diet with fruits, vegetables, whole grains, and yoga/exercise 30 min daily."
31,25-34,Female,Overweight,"PCOS, Thyroid disorder, Gestational risk, Depression, Liver fat","Control portion size, reduce sugar and oil; prefer high-fiber meals and daily walks.",Medium,Breakfast: Smoothie + Seeds | Lunch: Roti + Veg curry | Snack: Fruit | Dinner: Dal soup,"Low sugar, low oil, high-fiber meals. Include salads, fruits, and avoid junk food."
60,55-60,Male,Obesity,"Heart failure, Stroke, Chronic diabetes, Anxiety, Arthritis","Strictly avoid junk food, focus on low-calorie diet, consult doctor for weight management.",High,Breakfast: Porridge | Lunch: Dal + Veg | Snack: Fruit | Dinner: Soup,"Low-carb, low-fat diet. Avoid fried foods, sugary drinks, and eat small portions frequently."
44,35-44,Male,Obesity,"Diabetes, Sleep apnea, Cardiac disease, Liver cirrhosis, Depression","Strictly avoid junk food, focus on low-calorie diet, consult doctor for weight management.",High,Breakfast: Oats | Lunch: Brown rice + Veg | Snack: Nuts | Dinner: Soup + Salad,"Low-carb, low-fat diet. Avoid fried foods, sugary drinks, and eat small portions frequently."
21,18-24,Male,Overweight,"Early hypertension, Fatty liver, Insulin resistance, Tension, Sleep disturbance","Control portion size, reduce sugar and oil; prefer high-fiber meals and daily walks.",Medium,Breakfast: Oats + Fruit | Lunch: Brown rice + Veg + Dal | Snack: Green tea + Nuts | Dinner: Soup + Chapati,"Low sugar, low oil, high-fiber meals. Include salads, fruits, and avoid junk food."
36,35-44,Male,Normal,"Healthy, but rising risk of hypertension and liver fat",Maintain balanced diet and regular exercise; ensure hydration and proper sleep.,Low,Breakfast: Poha + Milk | Lunch: Roti + Dal + Veg | Snack: Fruit | Dinner: Khichdi + Curd,"Balanced diet with fruits, vegetables, whole grains, and yoga/exercise 30 min daily."
31,25-34,Male,Underweight,"Weak immunity, Muscle loss, Nutrient deficiency, Anxiety, Fatigue",Increase calorie intake with protein & dairy; eat small meals often and do strength exercises.,Medium,Breakfast: Paratha + Curd | Lunch: Dal rice + Paneer | Snack: Peanut butter toast | Dinner: Roti + Green vegi/Chicken/Fish + Veggies,"High-calorie, high-protein diet (milk, eggs, nuts, paneer, whole grains). Eat every 3–4 hours."
30,25-34,Male,Obesity,"Heart disease, Sleep apnea, Liver problems, Anxiety, Depression","Strictly avoid junk food, focus on low-calorie diet, consult doctor for weight management.",High,Breakfast: Dalia + Fruit | Lunch: Roti + Veg | Snack: Green tea | Dinner: Soup + Salad,"Low-carb, low-fat diet. Avoid fried foods, sugary drinks, and eat small portions frequently."
36,35-44,Male,Obesity,"Diabetes, Sleep apnea, Cardiac disease, Liver cirrhosis, Depression","Strictly avoid junk food, focus on low-calorie diet, consult doctor for weight management.",High,Breakfast: Oats | Lunch: Brown rice + Veg | Snack: Nuts | Dinner: Soup + Salad,"Low-carb, low-fat diet. Avoid fried foods, sugary drinks, and eat small portions frequently."
54,45-54,Male,Underweight,"Muscle loss, Nutrient deficiency, Stress",Increase calorie intake with protein & dairy; eat small meals often and do strength exercises.,Medium,Breakfast: Oats + Milk | Lunch: Dal + Rice + Veg | Snack: Fruit + Seeds | Dinner: Chapati + Paneer/Tofu,"High-calorie, high-protein diet (milk, eggs, nuts, paneer, whole grains). Eat every 3–4 hours."
56,55-60,Female,Obesity,"Heart disease, Arthritis, Stroke risk, Depression","Strictly avoid junk food, focus on low-calorie diet, consult doctor for weight management.",High,Breakfast: Porridge | Lunch: Soft rice + Veg | Snack: Fruit | Dinner: Soup,"Low-carb, low-fat diet. Avoid fried foods, sugary drinks, and eat small portions frequently."
39,35-44,Female,Underweight,"Osteopenia, Hormonal issues, Fatigue, Nutritional deficiency",Increase calorie intake with protein & dairy; eat small meals often and do strength exercises.,Medium,Breakfast: Idli + Coconut chutney | Lunch: Dal rice + Veg | Snack: Fruit smoothie | Dinner: Chapati + Paneer,"High-calorie, high-protein diet (milk, eggs, nuts, paneer, whole grains). Eat every 3–4 hours."
46,45-54,Female,Normal,"Healthy, menopause-related changes",Maintain balanced diet and regular exercise; ensure hydration and proper sleep.,Low,Breakfast: Idli + Chutney | Lunch: Brown rice + Dal | Snack: Seeds + Fruit | Dinner: Khichdi,"Balanced diet with fruits, vegetables, whole grains, and yoga/exercise 30 min daily."
23,18-24,Male,Obesity,"Type 2 Diabetes, Sleep apnea, Heart strain, Liver disease, Depression","Strictly avoid junk food, focus on low-calorie diet, consult doctor for weight management.",High,Breakfast: Oats + Green tea | Lunch: Brown rice + Dal + Veg | Snack: Fruit | Dinner: Soup + Salad,"Low-carb, low-fat diet. Avoid fried foods, sugary drinks, and eat small portions frequently."
54,45-54,Female,Normal,"Healthy, menopause-related changes",Maintain balanced diet and regular exercise; ensure hydration and proper sleep.,Low,Breakfast: Idli + Chutney | Lunch: Brown rice + Dal | Snack: Seeds + Fruit | Dinner: Khichdi,"Balanced diet with fruits, vegetables, whole grains, and yoga/exercise 30 min daily."
46,45-54,Female,Underweight,"Osteoporosis, Hormone imbalance, Stress",Increase calorie intake with protein & dairy; eat small meals often and do strength exercises.,Medium,Breakfast: Poha + Milk | Lunch: Khichdi + Dal | Snack: Banana | Dinner: Soup + Roti,"High-calorie, high-protein diet (milk, eggs, nuts, paneer, whole grains). Eat every 3–4 hours."
46,45-54,Female,Overweight,"Thyroid, Diabetes, Joint stiffness, Anxiety","Control portion size, reduce sugar and oil; prefer high-fiber meals and daily walks.",Medium,Breakfast: Oats + Milk | Lunch: Roti + Dal | Snack: Seeds | Dinner: Light Veg soup,"Low sugar, low oil, high-fiber meals. Include salads, fruits, and avoid junk food."
41,35-44,Female,Obesity,"Diabetes, Hypertension, Breast cancer risk, Anxiety, Heart strain","Strictly avoid junk food, focus on low-calorie diet, consult doctor for weight management.",High,Breakfast: Dalia | Lunch: Brown rice + Veg | Snack: Fruit | Dinner: Soup,"Low-carb, low-fat diet. Avoid fried foods, sugary drinks, and eat small portions frequently."
38,35-44,Female,Overweight,"Thyroid issues, PCOS, Joint pain, Hypertension","Control portion size, reduce sugar and oil; prefer high-fiber meals and daily walks.",Medium,Breakfast: Poha + Tea | Lunch: Rice + Veg | Snack: Salad | Dinner: Soup + Khichdi,"Low sugar, low oil, high-fiber meals. Include salads, fruits, and avoid junk food."
46,45-54,Female,Overweight,"Thyroid, Diabetes, Joint stiffness, Anxiety","Control portion size, reduce sugar and oil; prefer high-fiber meals and daily walks.",Medium,Breakfast: Oats + Milk | Lunch: Roti + Dal | Snack: Seeds | Dinner: Light Veg soup,"Low sugar, low oil, high-fiber meals. Include salads, fruits, and avoid junk food."
52,45-54,Female,Overweight,"Thyroid, Diabetes, Joint stiffness, Anxiety","Control portion size, reduce sugar and oil; prefer high-fiber meals and daily walks.",Medium,Breakfast: Oats + Milk | Lunch: Roti + Dal | Snack: Seeds | Dinner: Light Veg soup,"Low sugar, low oil, high-fiber meals. Include salads, fruits, and avoid junk food."
35,35-44,Male,Underweight,"Anemia, Bone density loss, Fatigue, Stress",Increase calorie intake with protein & dairy; eat small meals often and do strength exercises.,Medium,Breakfast: Milk + Dry fruits | Lunch: Khichdi + Dal | Snack: Fruit shake | Dinner: Rice + Paneer curry,"High-calorie, high-protein diet (milk, eggs, nuts, paneer, whole grains). Eat every 3–4 hours."
56,55-60,Female,Underweight,"Osteoporosis, Menopause fatigue, Weak immunity",Increase calorie intake with protein & dairy; eat small meals often and do strength exercises.,Medium,Breakfast: Oats + Milk | Lunch: Rice + Dal | Snack: Boiled egg/Paneer | Dinner: Soft khichdi,"High-calorie, high-protein diet (milk, eggs, nuts, paneer, whole grains). Eat every 3–4 hours."
27,25-34,Male,Obesity,"Heart disease, Sleep apnea, Liver problems, Anxiety, Depression","Strictly avoid junk food, focus on low-calorie diet, consult doctor for weight management.",High,Breakfast: Dalia + Fruit | Lunch: Roti + Veg | Snack: Green tea | Dinner: Soup + Salad,"Low-carb, low-fat diet. Avoid fried foods, sugary drinks, and eat small portions frequently."
60,55-60,Female,Obesity,"Heart disease, Arthritis, Stroke risk, Depression","Strictly avoid junk food, focus on low-calorie diet, consult doctor for weight management.",High,Breakfast: Porridge | Lunch: Soft rice + Veg | Snack: Fruit | Dinner: Soup,"Low-carb, low-fat diet. Avoid fried foods, sugary drinks, and eat small portions frequently."
37,35-44,Male,Obesity,"Diabetes, Sleep apnea, Cardiac disease, Liver cirrhosis, Depression","Strictly avoid junk food, focus on low-calorie diet, consult doctor for weight management.",High,Breakfast: Oats | Lunch: Brown rice + Veg | Snack: Nuts | Dinner: Soup + Salad,"Low-carb, low-fat diet. Avoid fried foods, sugary drinks, and eat small portions frequently."
54,45-54,Female,Underweight,"Osteoporosis, Hormone imbalance, Stress",Increase calorie intake with protein & dairy; eat small meals often and do strength exercises.,Medium,Breakfast: Poha + Milk | Lunch: Khichdi + Dal | Snack: Banana | Dinner: Soup + Roti,"High-calorie, high-protein diet (milk, eggs, nuts, paneer, whole grains). Eat every 3–4 hours."
56,55-60,Female,Overweight,"BP, Diabetes, Joint pain, Anxiety","Control portion size, reduce sugar and oil; prefer high-fiber meals and daily walks.",Medium,Breakfast: Dalia | Lunch: Soft rice + Dal | Snack: Fruit | Dinner: Soup,"Low sugar, low oil, high-fiber meals. Include salads, fruits, and avoid junk food."
59,55-60,Male,Overweight,"High BP, Diabetes, Cardiac strain, Liver issues","Control portion size, reduce sugar and oil; prefer high-fiber meals and daily walks.",Medium,Breakfast: Soft oats | Lunch: Dal + Veg | Snack: Fruit | Dinner: Soup + Roti,"Low sugar, low oil, high-fiber meals. Include salads, fruits, and avoid junk food."
18,18-24,Male,Overweight,"Early hypertension, Fatty liver, Insulin resistance, Tension, Sleep disturbance","Control portion size, reduce sugar and oil; prefer high-fiber meals and daily walks.",Medium,Breakfast: Oats + Fruit | Lunch: Brown rice + Veg + Dal | Snack: Green tea + Nuts | Dinner: Soup + Chapati,"Low sugar, low oil, high-fiber meals. Include salads, fruits, and avoid junk food."
18,18-24,Male,Overweight,"Early hypertension, Fatty liver, Insulin resistance, Tension, Sleep disturbance","Control portion size, reduce sugar and oil; prefer high-fiber meals and daily walks.",Medium,Breakfast: Oats + Fruit | Lunch: Brown rice + Veg + Dal | Snack: Green tea + Nuts | Dinner: Soup + Chapati,"Low sugar, low oil, high-fiber meals. Include salads, fruits, and avoid junk food."
23,18-24,Male,Overweight,"Early hypertension, Fatty liver, Insulin resistance, Tension, Sleep disturbance","Control portion size, reduce sugar and oil; prefer high-fiber meals and daily walks.",Medium,Breakfast: Oats + Fruit | Lunch: Brown rice + Veg + Dal | Snack: Green tea + Nuts | Dinner: Soup + Chapati,"Low sugar, low oil, high-fiber meals. Include salads, fruits, and avoid junk food."
60,55-60,Female,Underweight,"Osteoporosis, Menopause fatigue, Weak immunity",Increase calorie intake with protein & dairy; eat small meals often and do strength exercises.,Medium,Breakfast: Oats + Milk | Lunch: Rice + Dal | Snack: Boiled egg/Paneer | Dinner: Soft khichdi,"High-calorie, high-protein diet (milk, eggs, nuts, paneer, whole grains). Eat every 3–4 hours."
33,25-34,Male,Overweight,"High BP, Early diabetes, Fatty liver, Gastric issues, Mental tension","Control portion size, reduce sugar and oil; prefer high-fiber meals and daily walks.",Medium,Breakfast: Poha + Tea | Lunch: Roti + Veg curry | Snack: Fruit | Dinner: Khichdi + Salad,"Low sugar, low oil, high-fiber meals. Include salads, fruits, and avoid junk food."
23,18-24,Female,Overweight,"PCOS, Thyroid imbalance, Insulin resistance, Mental tension","Control portion size, reduce sugar and oil; prefer high-fiber meals and daily walks.",Medium,Breakfast: Oats + Fruit | Lunch: Brown rice + Veg | Snack: Nuts | Dinner: Soup + Roti,"Low sugar, low oil, high-fiber meals. Include salads, fruits, and avoid junk food."
24,18-24,Male,Overweight,"Early hypertension, Fatty liver, Insulin resistance, Tension, Sleep disturbance","Control portion size, reduce sugar and oil; prefer high-fiber meals and daily walks.",Medium,Breakfast: Oats + Fruit | Lunch: Brown rice + Veg + Dal | Snack: Green tea + Nuts | Dinner: Soup + Chapati,"Low sugar, low oil, high-fiber meals. Include salads, fruits, and avoid junk food."
27,25-34,Female,Normal,"Healthy, maintain balanced diet, mild stress risk",Maintain balanced diet and regular exercise; ensure hydration and proper sleep.,Low,Breakfast: Poha + Milk | Lunch: Roti + Veg + Salad | Snack: Yogurt | Dinner: Khichdi + Curd,"Balanced diet with fruits, vegetables, whole grains, and yoga/exercise 30 min daily."
36,35-44,Female,Normal,"Healthy, but screen for thyroid/menstrual health",Maintain balanced diet and regular exercise; ensure hydration and proper sleep.,Low,Breakfast: Dosa + Milk | Lunch: Roti + Dal + Veg | Snack: Fruit | Dinner: Soup + Chapati,"Balanced diet with fruits, vegetables, whole grains, and yoga/exercise 30 min daily."
30,25-34,Female,Underweight,"PCOD, Fatigue, Irregular cycles, Anemia, Anxiety",Increase calorie intake with protein & dairy; eat small meals often and do strength exercises.,Medium,Breakfast: Milk + Dry fruits | Lunch: Dal + Chapati + Salad | Snack: Yogurt + Nuts | Dinner: Khichdi + Ghee,"High-calorie, high-protein diet (milk, eggs, nuts, paneer, whole grains). Eat every 3–4 hours."
22,18-24,Male,Overweight,"Early hypertension, Fatty liver, Insulin resistance, Tension, Sleep disturbance","Control portion size, reduce sugar and oil; prefer high-fiber meals and daily walks.",Medium,Breakfast: Oats + Fruit | Lunch: Brown rice + Veg + Dal | Snack: Green tea + Nuts | Dinner: Soup + Chapati,"Low sugar, low oil, high-fiber meals. Include salads, fruits, and avoid junk food."
45,45-54,Female,Obesity,"Hypertension, Type 2 Diabetes, Heart issues, Depression, Liver problems","Strictly avoid junk food, focus on low-calorie diet, consult doctor for weight management.",High,Breakfast: Oats | Lunch: Roti + Dal  | Snack: Seeds | Dinner: Soup,"Low-carb, low-fat diet. Avoid fried foods, sugary drinks, and eat small portions frequently."
55,55-60,Male,Overweight,"High BP, Diabetes, Cardiac strain, Liver issues","Control portion size, reduce sugar and oil; prefer high-fiber meals and daily walks.",Medium,Breakfast: Soft oats | Lunch: Dal + Veg | Snack: Fruit | Dinner: Soup + Roti,"Low sugar, low oil, high-fiber meals. Include salads, fruits, and avoid junk food."
55,55-60,Female,Normal,"Healthy, maintain calcium & heart care",Maintain balanced diet and regular exercise; ensure hydration and proper sleep.,Low,Breakfast: Oats + Milk | Lunch: Rice + Veg dal | Snack: Boiled egg/Paneer | Dinner: Soup + Roti,"Balanced diet with fruits, vegetables, whole grains, and yoga/exercise 30 min daily."
22,18-24,Female,Obesity,"PCOS/PCOD, Type 2 Diabetes, Fertility issues, Depression","Strictly avoid junk food, focus on low-calorie diet, consult doctor for weight management.",High,Breakfast: Smoothie + Seeds | Lunch: Brown rice + Dal + Veg | Snack: Fruit | Dinner: Soup,"Low-carb, low-fat diet. Avoid fried foods, sugary drinks, and eat small portions frequently."
25,25-34,Male,Overweight,"High BP, Early diabetes, Fatty liver, Gastric issues, Mental tension","Control portion size, reduce sugar and oil; prefer high-fiber meals and daily walks.",Medium,Breakfast: Poha + Tea | Lunch: Roti + Veg curry | Snack: Fruit | Dinner: Khichdi + Salad,"Low sugar, low oil, high-fiber meals. Include salads, fruits, and avoid junk food."
31,25-34,Female,Obesity,"PCOS, Infertility, Type 2 Diabetes, Hypertension, Anxiety","Strictly avoid junk food, focus on low-calorie diet, consult doctor for weight management.",High,Breakfast: Oats | Lunch: Roti + Veg | Snack: Green tea | Dinner: Soup + Salad,"Low-carb, low-fat diet. Avoid fried foods, sugary drinks, and eat small portions frequently."
51,45-54,Female,Normal,"Healthy, menopause-related changes",Maintain balanced diet and regular exercise; ensure hydration and proper sleep.,Low,Breakfast: Idli + Chutney | Lunch: Brown rice + Dal | Snack: Seeds + Fruit | Dinner: Khichdi,"Balanced diet with fruits, vegetables, whole grains, and yoga/exercise 30 min daily."
34,25-34,Male,Normal,"Healthy, mild stress or work pressure possible",Maintain balanced diet and regular exercise; ensure hydration and proper sleep.,Low,Breakfast: Brown bread + Eggs | Lunch: Roti + Chicken + Veg | Snack: Nuts | Dinner: Soup + Chapati,"Balanced diet with fruits, vegetables, whole grains, and yoga/exercise 30 min daily."
30,25-34,Female,Overweight,"PCOS, Thyroid disorder, Gestational risk, Depression, Liver fat","Control portion size, reduce sugar and oil; prefer high-fiber meals and daily walks.",Medium,Breakfast: Smoothie + Seeds | Lunch: Roti + Veg curry | Snack: Fruit | Dinner: Dal soup,"Low sugar, low oil, high-fiber meals. Include salads, fruits, and avoid junk food."
35,35-44,Male,Overweight,"Hypertension, Cholesterol, Fatty liver, Anxiety","Control portion size, reduce sugar and oil; prefer high-fiber meals and daily walks.",Medium,Breakfast: Oats + Milk | Lunch: Roti + Dal + Veg | Snack: Green tea | Dinner: Soup + Roti,"Low sugar, low oil, high-fiber meals. Include salads, fruits, and avoid junk food."
48,45-54,Female,Underweight,"Osteoporosis, Hormone imbalance, Stress",Increase calorie intake with protein & dairy; eat small meals often and do strength exercises.,Medium,Breakfast: Poha + Milk | Lunch: Khichdi + Dal | Snack: Banana | Dinner: Soup + Roti,"High-calorie, high-protein diet (milk, eggs, nuts, paneer, whole grains). Eat every 3–4 hours."
27,25-34,Female,Obesity,"PCOS, Infertility, Type 2 Diabetes, Hypertension, Anxiety","Strictly avoid junk food, focus on low-calorie diet, consult doctor for weight management.",High,Breakfast: Oats | Lunch: Roti + Veg | Snack: Green tea | Dinner: Soup + Salad,"Low-carb, low-fat diet. Avoid fried foods, sugary drinks, and eat small portions frequently."
32,25-34,Female,Overweight,"PCOS, Thyroid disorder, Gestational risk, Depression, Liver fat","Control portion size, reduce sugar and oil; prefer high-fiber meals and daily walks.",Medium,Breakfast: Smoothie + Seeds | Lunch: Roti + Veg curry | Snack: Fruit | Dinner: Dal soup,"Low sugar, low oil, high-fiber meals. Include salads, fruits, and avoid junk food."
56,55-60,Female,Obesity,"Heart disease, Arthritis, Stroke risk, Depression","Strictly avoid junk food, focus on low-calorie diet, consult doctor for weight management.",High,Breakfast: Porridge | Lunch: Soft rice + Veg | Snack: Fruit | Dinner: Soup,"Low-carb, low-fat diet. Avoid fried foods, sugary drinks, and eat small portions frequently."
21,18-24,Male,Overweight,"Early hypertension, Fatty liver, Insulin resistance, Tension, Sleep disturbance","Control portion size, reduce sugar and oil; prefer high-fiber meals and daily walks.",Medium,Breakfast: Oats + Fruit | Lunch: Brown rice + Veg + Dal | Snack: Green tea + Nuts | Dinner: Soup + Chapati,"Low sugar, low oil, high-fiber meals. Include salads, fruits, and avoid junk food."
37,35-44,Male,Obesity,"Diabetes, Sleep apnea, Cardiac disease, Liver cirrhosis, Depression","Strictly avoid junk food, focus on low-calorie diet, consult doctor for weight management.",High,Breakfast: Oats | Lunch: Brown rice + Veg | Snack: Nuts | Dinner: Soup + Salad,"Low-carb, low-fat diet. Avoid fried foods, sugary drinks, and eat small portions frequently."
24,18-24,Female,Obesity,"PCOS/PCOD, Type 2 Diabetes, Fertility issues, Depression","Strictly avoid junk food, focus on low-calorie diet, consult doctor for weight management.",High,Breakfast: Smoothie + Seeds | Lunch: Brown rice + Dal + Veg | Snack: Fruit | Dinner: Soup,"Low-carb, low-fat diet. Avoid fried foods, sugary drinks, and eat small portions frequently."
44,35-44,Male,Obesity,"Diabetes, Sleep apnea, Cardiac disease, Liver cirrhosis, Depression","Strictly avoid junk food, focus on low-calorie diet, consult doctor for weight management.",High,Breakfast: Oats | Lunch: Brown rice + Veg | Snack: Nuts | Dinner: Soup + Salad,"Low-carb, low-fat diet. Avoid fried foods, sugary drinks, and eat small portions frequently."
25,25-34,Male,Normal,"Healthy, mild stress or work pressure possible",Maintain balanced diet and regular exercise; ensure hydration and proper sleep.,Low,Breakfast: Brown bread + Eggs | Lunch: Roti + Chicken + Veg | Snack: Nuts | Dinner: Soup + Chapati,"Balanced diet with fruits, vegetables, whole grains, and yoga/exercise 30 min daily."
25,25-34,Male,Normal,"Healthy, mild stress or work pressure possible",Maintain balanced diet and regular exercise; ensure hydration and proper sleep.,Low,Breakfast: Brown bread + Eggs | Lunch: Roti + Chicken + Veg | Snack: Nuts | Dinner: Soup + Chapati,"Balanced diet with fruits, vegetables, whole grains, and yoga/exercise 30 min daily."
44,35-44,Male,Obesity,"Diabetes, Sleep apnea, Cardiac disease, Liver cirrhosis, Depression","Strictly avoid junk food, focus on low-calorie diet, consult doctor for weight management.",High,Breakfast: Oats | Lunch: Brown rice + Veg | Snack: Nuts | Dinner: Soup + Salad,"Low-carb, low-fat diet. Avoid fried foods, sugary drinks, and eat small portions frequently."
43,35-44,Male,Obesity,"Diabetes, Sleep apnea, Cardiac disease, Liver cirrhosis, Depression","Strictly avoid junk food, focus on low-calorie diet, consult doctor for weight management.",High,Breakfast: Oats | Lunch: Brown rice + Veg | Snack: Nuts | Dinner: Soup + Salad,"Low-carb, low-fat diet. Avoid fried foods, sugary drinks, and eat small portions frequently."
60,55-60,Female,Normal,"Healthy, maintain calcium & heart care",Maintain balanced diet and regular exercise; ensure hydration and proper sleep.,Low,Breakfast: Oats + Milk | Lunch: Rice + Veg dal | Snack: Boiled egg/Paneer | Dinner: Soup + Roti,"Balanced diet with fruits, vegetables, whole grains, and yoga/exercise 30 min daily."
43,35-44,Female,Obesity,"Diabetes, Hypertension, Breast cancer risk, Anxiety, Heart strain","Strictly avoid junk food, focus on low-calorie diet, consult doctor for weight management.",High,Breakfast: Dalia | Lunch: Brown rice + Veg | Snack: Fruit | Dinner: Soup,"Low-carb, low-fat diet. Avoid fried foods, sugary drinks, and eat small portions frequently."
42,35-44,Female,Underweight,"Osteopenia, Hormonal issues, Fatigue, Nutritional deficiency",Increase calorie intake with protein & dairy; eat small meals often and do strength exercises.,Medium,Breakfast: Idli + Coconut chutney | Lunch: Dal rice + Veg | Snack: Fruit smoothie | Dinner: Chapati + Paneer,"High-calorie, high-protein diet (milk, eggs, nuts, paneer, whole grains). Eat every 3–4 hours."
35,35-44,Male,Underweight,"Anemia, Bone density loss, Fatigue, Stress",Increase calorie intake with protein & dairy; eat small meals often and do strength exercises.,Medium,Breakfast: Milk + Dry fruits | Lunch: Khichdi + Dal | Snack: Fruit shake | Dinner: Rice + Paneer curry,"High-calorie, high-protein diet (milk, eggs, nuts, paneer, whole grains). Eat every 3–4 hours."
56,55-60,Male,Obesity,"Heart failure, Stroke, Chronic diabetes, Anxiety, Arthritis","Strictly avoid junk food, focus on low-calorie diet, consult doctor for weight management.",High,Breakfast: Porridge | Lunch: Dal + Veg | Snack: Fruit | Dinner: Soup,"Low-carb, low-fat diet. Avoid fried foods, sugary drinks, and eat small portions frequently."
54,45-54,Female,Normal,"Healthy, menopause-related changes",Maintain balanced diet and regular exercise; ensure hydration and proper sleep.,Low,Breakfast: Idli + Chutney | Lunch: Brown rice + Dal | Snack: Seeds + Fruit | Dinner: Khichdi,"Balanced diet with fruits, vegetables, whole grains, and yoga/exercise 30 min daily."
23,18-24,Female,Obesity,"PCOS/PCOD, Type 2 Diabetes, Fertility issues, Depression","Strictly avoid junk food, focus on low-calorie diet, consult doctor for weight management.",High,Breakfast: Smoothie + Seeds | Lunch: Brown rice + Dal + Veg | Snack: Fruit | Dinner: Soup,"Low-carb, low-fat diet. Avoid fried foods, sugary drinks, and eat small portions frequently."
44,35-44,Male,Underweight,"Anemia, Bone density loss, Fatigue, Stress",Increase calorie intake with protein & dairy; eat small meals often and do strength exercises.,Medium,Breakfast: Milk + Dry fruits | Lunch: Khichdi + Dal | Snack: Fruit shake | Dinner: Rice + Paneer curry,"High-calorie, high-protein diet (milk, eggs, nuts, paneer, whole grains). Eat every 3–4 hours."
57,55-60,Male,Obesity,"Heart failure, Stroke, Chronic diabetes, Anxiety, Arthritis","Strictly avoid junk food, focus on low-calorie diet, consult doctor for weight management.",High,Breakfast: Porridge | Lunch: Dal + Veg | Snack: Fruit | Dinner: Soup,"Low-carb, low-fat diet. Avoid fried foods, sugary drinks, and eat small portions frequently."
34,25-34,Male,Obesity,"Heart disease, Sleep apnea, Liver problems, Anxiety, Depression","Strictly avoid junk food, focus on low-calorie diet, consult doctor for weight management.",High,Breakfast: Dalia + Fruit | Lunch: Roti + Veg | Snack: Green tea | Dinner: Soup + Salad,"Low-carb, low-fat diet. Avoid fried foods, sugary drinks, and eat small portions frequently."
50,45-54,Male,Underweight,"Muscle loss, Nutrient deficiency, Stress",Increase calorie intake with protein & dairy; eat small meals often and do strength exercises.,Medium,Breakfast: Oats + Milk | Lunch: Dal + Rice + Veg | Snack: Fruit + Seeds | Dinner: Chapati + Paneer/Tofu,"High-calorie, high-protein diet (milk, eggs, nuts, paneer, whole grains). Eat every 3–4 hours."
32,25-34,Male,Underweight,"Weak immunity, Muscle loss, Nutrient deficiency, Anxiety, Fatigue",Increase calorie intake with protein & dairy; eat small meals often and do strength exercises.,Medium,Breakfast: Paratha + Curd | Lunch: Dal rice + Paneer | Snack: Peanut butter toast | Dinner: Roti + Green vegi/Chicken/Fish + Veggies,"High-calorie, high-protein diet (milk, eggs, nuts, paneer, whole grains). Eat every 3–4 hours."
24,18-24,Female,Obesity,"PCOS/PCOD, Type 2 Diabetes, Fertility issues, Depression","Strictly avoid junk food, focus on low-calorie diet, consult doctor for weight management.",High,Breakfast: Smoothie + Seeds | Lunch: Brown rice + Dal + Veg | Snack: Fruit | Dinner: Soup,"Low-carb, low-fat diet. Avoid fried foods, sugary drinks, and eat small portions frequently."
32,25-34,Female,Underweight,"PCOD, Fatigue, Irregular cycles, Anemia, Anxiety",Increase calorie intake with protein & dairy; eat small meals often and do strength exercises.,Medium,Breakfast: Milk + Dry fruits | Lunch: Dal + Chapati + Salad | Snack: Yogurt + Nuts | Dinner: Khichdi + Ghee,"High-calorie, high-protein diet (milk, eggs, nuts, paneer, whole grains). Eat every 3–4 hours."
30,25-34,Male,Underweight,"Weak immunity, Muscle loss, Nutrient deficiency, Anxiety, Fatigue",Increase calorie intake with protein & dairy; eat small meals often and do strength exercises.,Medium,Breakfast: Paratha + Curd | Lunch: Dal rice + Paneer | Snack: Peanut butter toast | Dinner: Roti + Green vegi/Chicken/Fish + Veggies,"High-calorie, high-protein diet (milk, eggs, nuts, paneer, whole grains). Eat every 3–4 hours."
33,25-34,Male,Overweight,"High BP, Early diabetes, Fatty liver, Gastric issues, Mental tension","Control portion size, reduce sugar and oil; prefer high-fiber meals and daily walks.",Medium,Breakfast: Poha + Tea | Lunch: Roti + Veg curry | Snack: Fruit | Dinner: Khichdi + Salad,"Low sugar, low oil, high-fiber meals. Include salads, fruits, and avoid junk food."
56,55-60,Female,Overweight,"BP, Diabetes, Joint pain, Anxiety","Control portion size, reduce sugar and oil; prefer high-fiber meals and daily walks.",Medium,Breakfast: Dalia | Lunch: Soft rice + Dal | Snack: Fruit | Dinner: Soup,"Low sugar, low oil, high-fiber meals. Include salads, fruits, and avoid junk food."
45,45-54,Female,Obesity,"Hypertension, Type 2 Diabetes, Heart issues, Depression, Liver problems","Strictly avoid junk food, focus on low-calorie diet, consult doctor for weight management.",High,Breakfast: Oats | Lunch: Roti + Dal  | Snack: Seeds | Dinner: Soup,"Low-carb, low-fat diet. Avoid fried foods, sugary drinks, and eat small portions frequently."
58,55-60,Female,Normal,"Healthy, maintain calcium & heart care",Maintain balanced diet and regular exercise; ensure hydration and proper sleep.,Low,Breakfast: Oats + Milk | Lunch: Rice + Veg dal | Snack: Boiled egg/Paneer | Dinner: Soup + Roti,"Balanced diet with fruits, vegetables, whole grains, and yoga/exercise 30 min daily."
56,55-60,Female,Normal,"Healthy, maintain calcium & heart care",Maintain balanced diet and regular exercise; ensure hydration and proper sleep.,Low,Breakfast: Oats + Milk | Lunch: Rice + Veg dal | Snack: Boiled egg/Paneer | Dinner: Soup + Roti,"Balanced diet with fruits, vegetables, whole grains, and yoga/exercise 30 min daily."
57,55-60,Male,Obesity,"Heart failure, Stroke, Chronic diabetes, Anxiety, Arthritis","Strictly avoid junk food, focus on low-calorie diet, consult doctor for weight management.",High,Breakfast: Porridge | Lunch: Dal + Veg | Snack: Fruit | Dinner: Soup,"Low-carb, low-fat diet. Avoid fried foods, sugary drinks, and eat small portions frequently."
56,55-60,Male,Overweight,"High BP, Diabetes, Cardiac strain, Liver issues","Control portion size, reduce sugar and oil; prefer high-fiber meals and daily walks.",Medium,Breakfast: Soft oats | Lunch: Dal + Veg | Snack: Fruit | Dinner: Soup + Roti,"Low sugar, low oil, high-fiber meals. Include salads, fruits, and avoid junk food."
52,45-54,Female,Overweight,"Thyroid, Diabetes, Joint stiffness, Anxiety","Control portion size, reduce sugar and oil; prefer high-fiber meals and daily walks.",Medium,Breakfast: Oats + Milk | Lunch: Roti + Dal | Snack: Seeds | Dinner: Light Veg soup,"Low sugar, low oil, high-fiber meals. Include salads, fruits, and avoid junk food."
46,45-54,Male,Underweight,"Muscle loss, Nutrient deficiency, Stress",Increase calorie intake with protein & dairy; eat small meals often and do strength exercises.,Medium,Breakfast: Oats + Milk | Lunch: Dal + Rice + Veg | Snack: Fruit + Seeds | Dinner: Chapati + Paneer/Tofu,"High-calorie, high-protein diet (milk, eggs, nuts, paneer, whole grains). Eat every 3–4 hours."
22,18-24,Male,Obesity,"Type 2 Diabetes, Sleep apnea, Heart strain, Liver disease, Depression","Strictly avoid junk food, focus on low-calorie diet, consult doctor for weight management.",High,Breakfast: Oats + Green tea | Lunch: Brown rice + Dal + Veg | Snack: Fruit | Dinner: Soup + Salad,"Low-carb, low-fat diet. Avoid fried foods, sugary drinks, and eat small portions frequently."
52,45-54,Male,Underweight,"Muscle loss, Nutrient deficiency, Stress",Increase calorie intake with protein & dairy; eat small meals often and do strength exercises.,Medium,Breakfast: Oats + Milk | Lunch: Dal + Rice + Veg | Snack: Fruit + Seeds | Dinner: Chapati + Paneer/Tofu,"High-calorie, high-protein diet (milk, eggs, nuts, paneer, whole grains). Eat every 3–4 hours."
38,35-44,Female,Underweight,"Osteopenia, Hormonal issues, Fatigue, Nutritional deficiency",Increase calorie intake with protein & dairy; eat small meals often and do strength exercises.,Medium,Breakfast: Idli + Coconut chutney | Lunch: Dal rice + Veg | Snack: Fruit smoothie | Dinner: Chapati + Paneer,"High-calorie, high-protein diet (milk, eggs, nuts, paneer, whole grains). Eat every 3–4 hours."
55,55-60,Female,Normal,"Healthy, maintain calcium & heart care",Maintain balanced diet and regular exercise; ensure hydration and proper sleep.,Low,Breakfast: Oats + Milk | Lunch: Rice + Veg dal | Snack: Boiled egg/Paneer | Dinner: Soup + Roti,"Balanced diet with fruits, vegetables, whole grains, and yoga/exercise 30 min daily."
35,35-44,Female,Underweight,"Osteopenia, Hormonal issues, Fatigue, Nutritional deficiency",Increase calorie intake with protein & dairy; eat small meals often and do strength exercises.,Medium,Breakfast: Idli + Coconut chutney | Lunch: Dal rice + Veg | Snack: Fruit smoothie | Dinner: Chapati + Paneer,"High-calorie, high-protein diet (milk, eggs, nuts, paneer, whole grains). Eat every 3–4 hours."
55,55-60,Male,Obesity,"Heart failure, Stroke, Chronic diabetes, Anxiety, Arthritis","Strictly avoid junk food, focus on low-calorie diet, consult doctor for weight management.",High,Breakfast: Porridge | Lunch: Dal + Veg | Snack: Fruit | Dinner: Soup,"Low-carb, low-fat diet. Avoid fried foods, sugary drinks, and eat small portions frequently."
18,18-24,Male,Underweight,"Anemia, Vitamin deficiency, Low muscle mass, Fatigue, Anxiety, Weak immunity",Increase calorie intake with protein & dairy; eat small meals often and do strength exercises.,Medium,"Breakfast: Milk + Banana + Boiled eggs | Lunch: Paneer, Rice, Dal | Snack: Nuts, Smoothie | Dinner: Chapati + Chicken/Paneer curry","High-calorie, high-protein diet (milk, eggs, nuts, paneer, whole grains). Eat every 3–4 hours."
30,25-34,Male,Obesity,"Heart disease, Sleep apnea, Liver problems, Anxiety, Depression","Strictly avoid junk food, focus on low-calorie diet, consult doctor for weight management.",High,Breakfast: Dalia + Fruit | Lunch: Roti + Veg | Snack: Green tea | Dinner: Soup + Salad,"Low-carb, low-fat diet. Avoid fried foods, sugary drinks, and eat small portions frequently."
52,45-54,Female,Overweight,"Thyroid, Diabetes, Joint stiffness, Anxiety","Control portion size, reduce sugar and oil; prefer high-fiber meals and daily walks.",Medium,Breakfast: Oats + Milk | Lunch: Roti + Dal | Snack: Seeds | Dinner: Light Veg soup,"Low sugar, low oil, high-fiber meals. Include salads, fruits, and avoid junk food."
41,35-44,Male,Normal,"Healthy, but rising risk of hypertension and liver fat",Maintain balanced diet and regular exercise; ensure hydration and proper sleep.,Low,Breakfast: Poha + Milk | Lunch: Roti + Dal + Veg | Snack: Fruit | Dinner: Khichdi + Curd,"Balanced diet with fruits, vegetables, whole grains, and yoga/exercise 30 min daily."
49,45-54,Female,Obesity,"Hypertension, Type 2 Diabetes, Heart issues, Depression, Liver problems","Strictly avoid junk food, focus on low-calorie diet, consult doctor for weight management.",High,Breakfast: Oats | Lunch: Roti + Dal  | Snack: Seeds | Dinner: Soup,"Low-carb, low-fat diet. Avoid fried foods, sugary drinks, and eat small portions frequently."
56,55-60,Male,Underweight,"Frailty, Low bone density, Weak immunity",Increase calorie intake with protein & dairy; eat small meals often and do strength exercises.,Medium,Breakfast: Soft dalia + Milk | Lunch: Khichdi + Curd | Snack: Banana | Dinner: Soup + Soft roti + Paneer,"High-calorie, high-protein diet (milk, eggs, nuts, paneer, whole grains). Eat every 3–4 hours."
50,45-54,Male,Underweight,"Muscle loss, Nutrient deficiency, Stress",Increase calorie intake with protein & dairy; eat small meals often and do strength exercises.,Medium,Breakfast: Oats + Milk | Lunch: Dal + Rice + Veg | Snack: Fruit + Seeds | Dinner: Chapati + Paneer/Tofu,"High-calorie, high-protein diet (milk, eggs, nuts, paneer, whole grains). Eat every 3–4 hours."
36,35-44,Female,Obesity,"Diabetes, Hypertension, Breast cancer risk, Anxiety, Heart strain","Strictly avoid junk food, focus on low-calorie diet, consult doctor for weight management.",High,Breakfast: Dalia | Lunch: Brown rice + Veg | Snack: Fruit | Dinner: Soup,"Low-carb, low-fat diet. Avoid fried foods, sugary drinks, and eat small portions frequently."
43,35-44,Male,Normal,"Healthy, but rising risk of hypertension and liver fat",Maintain balanced diet and regular exercise; ensure hydration and proper sleep.,Low,Breakfast: Poha + Milk | Lunch: Roti + Dal + Veg | Snack: Fruit | Dinner: Khichdi + Curd,"Balanced diet with fruits, vegetables, whole grains, and yoga/exercise 30 min daily."
49,45-54,Male,Normal,"Good health, monitor BP and sugar regularly",Maintain balanced diet and regular exercise; ensure hydration and proper sleep.,Low,Breakfast: Oats + Milk | Lunch: Rice + Dal + Veg | Snack: Fruit | Dinner: Roti + Soup,"Balanced diet with fruits, vegetables, whole grains, and yoga/exercise 30 min daily."
57,55-60,Female,Normal,"Healthy, maintain calcium & heart care",Maintain balanced diet and regular exercise; ensure hydration and proper sleep.,Low,Breakfast: Oats + Milk | Lunch: Rice + Veg dal | Snack: Boiled egg/Paneer | Dinner: Soup + Roti,"Balanced diet with fruits, vegetables, whole grains, and yoga/exercise 30 min daily."
48,45-54,Female,Normal,"Healthy, menopause-related changes",Maintain balanced diet and regular exercise; ensure hydration and proper sleep.,Low,Breakfast: Idli + Chutney | Lunch: Brown rice + Dal | Snack: Seeds + Fruit | Dinner: Khichdi,"Balanced diet with fruits, vegetables, whole grains, and yoga/exercise 30 min daily."
33,25-34,Male,Underweight,"Weak immunity, Muscle loss, Nutrient deficiency, Anxiety, Fatigue",Increase calorie intake with protein & dairy; eat small meals often and do strength exercises.,Medium,Breakfast: Paratha + Curd | Lunch: Dal rice + Paneer | Snack: Peanut butter toast | Dinner: Roti + Green vegi/Chicken/Fish + Veggies,"High-calorie, high-protein diet (milk, eggs, nuts, paneer, whole grains). Eat every 3–4 hours."
60,55-60,Male,Normal,"Healthy aging, maintain diet & walk",Maintain balanced diet and regular exercise; ensure hydration and proper sleep.,Low,Breakfast: Dalia + Milk | Lunch: Soft rice + Dal | Snack: Fruit | Dinner: Soup + Roti,"Balanced diet with fruits, vegetables, whole grains, and yoga/exercise 30 min daily."
37,35-44,Female,Obesity,"Diabetes, Hypertension, Breast cancer risk, Anxiety, Heart strain","Strictly avoid junk food, focus on low-calorie diet, consult doctor for weight management.",High,Breakfast: Dalia | Lunch: Brown rice + Veg | Snack: Fruit | Dinner: Soup,"Low-carb, low-fat diet. Avoid fried foods, sugary drinks, and eat small portions frequently."
30,25-34,Female,Obesity,"PCOS, Infertility, Type 2 Diabetes, Hypertension, Anxiety","Strictly avoid junk food, focus on low-calorie diet, consult doctor for weight management.",High,Breakfast: Oats | Lunch: Roti + Veg | Snack: Green tea | Dinner: Soup + Salad,"Low-carb, low-fat diet. Avoid fried foods, sugary drinks, and eat small portions frequently."
38,35-44,Female,Normal,"Healthy, but screen for thyroid/menstrual health",Maintain balanced diet and regular exercise; ensure hydration and proper sleep.,Low,Breakfast: Dosa + Milk | Lunch: Roti + Dal + Veg | Snack: Fruit | Dinner: Soup + Chapati,"Balanced diet with fruits, vegetables, whole grains, and yoga/exercise 30 min daily."
56,55-60,Male,Obesity,"Heart failure, Stroke, Chronic diabetes, Anxiety, Arthritis","Strictly avoid junk food, focus on low-calorie diet, consult doctor for weight management.",High,Breakfast: Porridge | Lunch: Dal + Veg | Snack: Fruit | Dinner: Soup,"Low-carb, low-fat diet. Avoid fried foods, sugary drinks, and eat small portions frequently."
28,25-34,Male,Obesity,"Heart disease, Sleep apnea, Liver problems, Anxiety, Depression","Strictly avoid junk food, focus on low-calorie diet, consult doctor for weight management.",High,Breakfast: Dalia + Fruit | Lunch: Roti + Veg | Snack: Green tea | Dinner: Soup + Salad,"Low-carb, low-fat diet. Avoid fried foods, sugary drinks, and eat small portions frequently."
20,18-24,Male,Overweight,"Early hypertension, Fatty liver, Insulin resistance, Tension, Sleep disturbance","Control portion size, reduce sugar and oil; prefer high-fiber meals and daily walks.",Medium,Breakfast: Oats + Fruit | Lunch: Brown rice + Veg + Dal | Snack: Green tea + Nuts | Dinner: Soup + Chapati,"Low sugar, low oil, high-fiber meals. Include salads, fruits, and avoid junk food."
30,25-34,Male,Overweight,"High BP, Early diabetes, Fatty liver, Gastric issues, Mental tension","Control portion size, reduce sugar and oil; prefer high-fiber meals and daily walks.",Medium,Breakfast: Poha + Tea | Lunch: Roti + Veg curry | Snack: Fruit | Dinner: Khichdi + Salad,"Low sugar, low oil, high-fiber meals. Include salads, fruits, and avoid junk food."
47,45-54,Female,Normal,"Healthy, menopause-related changes",Maintain balanced diet and regular exercise; ensure hydration and proper sleep.,Low,Breakfast: Idli + Chutney | Lunch: Brown rice + Dal | Snack: Seeds + Fruit | Dinner: Khichdi,"Balanced diet with fruits, vegetables, whole grains, and yoga/exercise 30 min daily."
56,55-60,Male,Overweight,"High BP, Diabetes, Cardiac strain, Liver issues","Control portion size, reduce sugar and oil; prefer high-fiber meals and daily walks.",Medium,Breakfast: Soft oats | Lunch: Dal + Veg | Snack: Fruit | Dinner: Soup + Roti,"Low sugar, low oil, high-fiber meals. Include salads, fruits, and avoid junk food."
20,18-24,Male,Overweight,"Early hypertension, Fatty liver, Insulin resistance, Tension, Sleep disturbance","Control portion size, reduce sugar and oil; prefer high-fiber meals and daily walks.",Medium,Breakfast: Oats + Fruit | Lunch: Brown rice + Veg + Dal | Snack: Green tea + Nuts | Dinner: Soup + Chapati,"Low sugar, low oil, high-fiber meals. Include salads, fruits, and avoid junk food."
24,18-24,Male,Normal,"Healthy, possible stress or mild anxiety due to lifestyle",Maintain balanced diet and regular exercise; ensure hydration and proper sleep.,Low,Breakfast: Oats + Milk | Lunch: Roti + Veg + Dal | Snack: Fruit | Dinner: Rice + Dal + Salad,"Balanced diet with fruits, vegetables, whole grains, and yoga/exercise 30 min daily."
35,35-44,Male,Overweight,"Hypertension, Cholesterol, Fatty liver, Anxiety","Control portion size, reduce sugar and oil; prefer high-fiber meals and daily walks.",Medium,Breakfast: Oats + Milk | Lunch: Roti + Dal + Veg | Snack: Green tea | Dinner: Soup + Roti,"Low sugar, low oil, high-fiber meals. Include salads, fruits, and avoid junk food."
60,55-60,Female,Obesity,"Heart disease, Arthritis, Stroke risk, Depression","Strictly avoid junk food, focus on low-calorie diet, consult doctor for weight management.",High,Breakfast: Porridge | Lunch: Soft rice + Veg | Snack: Fruit | Dinner: Soup,"Low-carb, low-fat diet. Avoid fried foods, sugary drinks, and eat small portions frequently."
28,25-34,Male,Obesity,"Heart disease, Sleep apnea, Liver problems, Anxiety, Depression","Strictly avoid junk food, focus on low-calorie diet, consult doctor for weight management.",High,Breakfast: Dalia + Fruit | Lunch: Roti + Veg | Snack: Green tea | Dinner: Soup + Salad,"Low-carb, low-fat diet. Avoid fried foods, sugary drinks, and eat small portions frequently."
20,18-24,Male,Overweight,"Early hypertension, Fatty liver, Insulin resistance, Tension, Sleep disturbance","Control portion size, reduce sugar and oil; prefer high-fiber meals and daily walks.",Medium,Breakfast: Oats + Fruit | Lunch: Brown rice + Veg + Dal | Snack: Green tea + Nuts | Dinner: Soup + Chapati,"Low sugar, low oil, high-fiber meals. Include salads, fruits, and avoid junk food."
21,18-24,Male,Overweight,"Early hypertension, Fatty liver, Insulin resistance, Tension, Sleep disturbance","Control portion size, reduce sugar and oil; prefer high-fiber meals and daily walks.",Medium,Breakfast: Oats + Fruit | Lunch: Brown rice + Veg + Dal | Snack: Green tea + Nuts | Dinner: Soup + Chapati,"Low sugar, low oil, high-fiber meals. Include salads, fruits, and avoid junk food."
23,18-24,Male,Underweight,"Anemia, Vitamin deficiency, Low muscle mass, Fatigue, Anxiety, Weak immunity",Increase calorie intake with protein & dairy; eat small meals often and do strength exercises.,Medium,"Breakfast: Milk + Banana + Boiled eggs | Lunch: Paneer, Rice, Dal | Snack: Nuts, Smoothie | Dinner: Chapati + Chicken/Paneer curry","High-calorie, high-protein diet (milk, eggs, nuts, paneer, whole grains). Eat every 3–4 hours."
58,55-60,Male,Normal,"Healthy aging, maintain diet & walk",Maintain balanced diet and regular exercise; ensure hydration and proper sleep.,Low,Breakfast: Dalia + Milk | Lunch: Soft rice + Dal | Snack: Fruit | Dinner: Soup + Roti,"Balanced diet with fruits, vegetables, whole grains, and yoga/exercise 30 min daily."
31,25-34,Male,Underweight,"Weak immunity, Muscle loss, Nutrient deficiency, Anxiety, Fatigue",Increase calorie intake with protein & dairy; eat small meals often and do strength exercises.,Medium,Breakfast: Paratha + Curd | Lunch: Dal rice + Paneer | Snack: Peanut butter toast | Dinner: Roti + Green vegi/Chicken/Fish + Veggies,"High-calorie, high-protein diet (milk, eggs, nuts, paneer, whole grains). Eat every 3–4 hours."
28,25-34,Male,Underweight,"Weak immunity, Muscle loss, Nutrient deficiency, Anxiety, Fatigue",Increase calorie intake with protein & dairy; eat small meals often and do strength exercises.,Medium,Breakfast: Paratha + Curd | Lunch: Dal rice + Paneer | Snack: Peanut butter toast | Dinner: Roti + Green vegi/Chicken/Fish + Veggies,"High-calorie, high-protein diet (milk, eggs, nuts, paneer, whole grains). Eat every 3–4 hours."
42,35-44,Female,Overweight,"Thyroid issues, PCOS, Joint pain, Hypertension","Control portion size, reduce sugar and oil; prefer high-fiber meals and daily walks.",Medium,Breakfast: Poha + Tea | Lunch: Rice + Veg | Snack: Salad | Dinner: Soup + Khichdi,"Low sugar, low oil, high-fiber meals. Include salads, fruits, and avoid junk food."
32,25-34,Male,Normal,"Healthy, mild stress or work pressure possible",Maintain balanced diet and regular exercise; ensure hydration and proper sleep.,Low,Breakfast: Brown bread + Eggs | Lunch: Roti + Chicken + Veg | Snack: Nuts | Dinner: Soup + Chapati,"Balanced diet with fruits, vegetables, whole grains, and yoga/exercise 30 min daily."
52,45-54,Male,Obesity,"Cardiac disease, Stroke, Depression, Chronic fatigue","Strictly avoid junk food, focus on low-calorie diet, consult doctor for weight management.",High,Breakfast: Oats | Lunch: Roti + Veg | Snack: Seeds | Dinner: Soup + Salad,"Low-carb, low-fat diet. Avoid fried foods, sugary drinks, and eat small portions frequently."
39,35-44,Female,Normal,"Healthy, but screen for thyroid/menstrual health",Maintain balanced diet and regular exercise; ensure hydration and proper sleep.,Low,Breakfast: Dosa + Milk | Lunch: Roti + Dal + Veg | Snack: Fruit | Dinner: Soup + Chapati,"Balanced diet with fruits, vegetables, whole grains, and yoga/exercise 30 min daily."
48,45-54,Female,Obesity,"Hypertension, Type 2 Diabetes, Heart issues, Depression, Liver problems","Strictly avoid junk food, focus on low-calorie diet, consult doctor for weight management.",High,Breakfast: Oats | Lunch: Roti + Dal  | Snack: Seeds | Dinner: Soup,"Low-carb, low-fat diet. Avoid fried foods, sugary drinks, and eat small portions frequently."
29,25-34,Male,Underweight,"Weak immunity, Muscle loss, Nutrient deficiency, Anxiety, Fatigue",Increase calorie intake with protein & dairy; eat small meals often and do strength exercises.,Medium,Breakfast: Paratha + Curd | Lunch: Dal rice + Paneer | Snack: Peanut butter toast | Dinner: Roti + Green vegi/Chicken/Fish + Veggies,"High-calorie, high-protein diet (milk, eggs, nuts, paneer, whole grains). Eat every 3–4 hours."
48,45-54,Female,Obesity,"Hypertension, Type 2 Diabetes, Heart issues, Depression, Liver problems","Strictly avoid junk food, focus on low-calorie diet, consult doctor for weight management.",High,Breakfast: Oats | Lunch: Roti + Dal  | Snack: Seeds | Dinner: Soup,"Low-carb, low-fat diet. Avoid fried foods, sugary drinks, and eat small portions frequently."
58,55-60,Female,Obesity,"Heart disease, Arthritis, Stroke risk, Depression","Strictly avoid junk food, focus on low-calorie diet, consult doctor for weight management.",High,Breakfast: Porridge | Lunch: Soft rice + Veg | Snack: Fruit | Dinner: Soup,"Low-carb, low-fat diet. Avoid fried foods, sugary drinks, and eat small portions frequently."
27,25-34,Female,Normal,"Healthy, maintain balanced diet, mild stress risk",Maintain balanced diet and regular exercise; ensure hydration and proper sleep.,Low,Breakfast: Poha + Milk | Lunch: Roti + Veg + Salad | Snack: Yogurt | Dinner: Khichdi + Curd,"Balanced diet with fruits, vegetables, whole grains, and yoga/exercise 30 min daily."
56,55-60,Female,Underweight,"Osteoporosis, Menopause fatigue, Weak immunity",Increase calorie intake with protein & dairy; eat small meals often and do strength exercises.,Medium,Breakfast: Oats + Milk | Lunch: Rice + Dal | Snack: Boiled egg/Paneer | Dinner: Soft khichdi,"High-calorie, high-protein diet (milk, eggs, nuts, paneer, whole grains). Eat every 3–4 hours."
60,55-60,Male,Underweight,"Frailty, Low bone density, Weak immunity",Increase calorie intake with protein & dairy; eat small meals often and do strength exercises.,Medium,Breakfast: Soft dalia + Milk | Lunch: Khichdi + Curd | Snack: Banana | Dinner: Soup + Soft roti + Paneer,"High-calorie, high-protein diet (milk, eggs, nuts, paneer, whole grains). Eat every 3–4 hours."
21,18-24,Male,Obesity,"Type 2 Diabetes, Sleep apnea, Heart strain, Liver disease, Depression","Strictly avoid junk food, focus on low-calorie diet, consult doctor for weight management.",High,Breakfast: Oats + Green tea | Lunch: Brown rice + Dal + Veg | Snack: Fruit | Dinner: Soup + Salad,"Low-carb, low-fat diet. Avoid fried foods, sugary drinks, and eat small portions frequently."
45,45-54,Female,Overweight,"Thyroid, Diabetes, Joint stiffness, Anxiety","Control portion size, reduce sugar and oil; prefer high-fiber meals and daily walks.",Medium,Breakfast: Oats + Milk | Lunch: Roti + Dal | Snack: Seeds | Dinner: Light Veg soup,"Low sugar, low oil, high-fiber meals. Include salads, fruits, and avoid junk food."
30,25-34,Female,Underweight,"PCOD, Fatigue, Irregular cycles, Anemia, Anxiety",Increase calorie intake with protein & dairy; eat small meals often and do strength exercises.,Medium,Breakfast: Milk + Dry fruits | Lunch: Dal + Chapati + Salad | Snack: Yogurt + Nuts | Dinner: Khichdi + Ghee,"High-calorie, high-protein diet (milk, eggs, nuts, paneer, whole grains). Eat every 3–4 hours."
22,18-24,Female,Overweight,"PCOS, Thyroid imbalance, Insulin resistance, Mental tension","Control portion size, reduce sugar and oil; prefer high-fiber meals and daily walks.",Medium,Breakfast: Oats + Fruit | Lunch: Brown rice + Veg | Snack: Nuts | Dinner: Soup + Roti,"Low sugar, low oil, high-fiber meals. Include salads, fruits, and avoid junk food."
45,45-54,Male,Normal,"Good health, monitor BP and sugar regularly",Maintain balanced diet and regular exercise; ensure hydration and proper sleep.,Low,Breakfast: Oats + Milk | Lunch: Rice + Dal + Veg | Snack: Fruit | Dinner: Roti + Soup,"Balanced diet with fruits, vegetables, whole grains, and yoga/exercise 30 min daily."
18,18-24,Male,Overweight,"Early hypertension, Fatty liver, Insulin resistance, Tension, Sleep disturbance","Control portion size, reduce sugar and oil; prefer high-fiber meals and daily walks.",Medium,Breakfast: Oats + Fruit | Lunch: Brown rice + Veg + Dal | Snack: Green tea + Nuts | Dinner: Soup + Chapati,"Low sugar, low oil, high-fiber meals. Include salads, fruits, and avoid junk food."
41,35-44,Male,Normal,"Healthy, but rising risk of hypertension and liver fat",Maintain balanced diet and regular exercise; ensure hydration and proper sleep.,Low,Breakfast: Poha + Milk | Lunch: Roti + Dal + Veg | Snack: Fruit | Dinner: Khichdi + Curd,"Balanced diet with fruits, vegetables, whole grains, and yoga/exercise 30 min daily."
22,18-24,Female,Underweight,"Iron deficiency, Hormonal imbalance, Irregular periods, Anxiety, Hair loss",Increase calorie intake with protein & dairy; eat small meals often and do strength exercises.,Medium,Breakfast: Oats + Milk | Lunch: Rice + Dal + Paneer | Snack: Fruit | Dinner: Chapati + Veg + Paneer,"High-calorie, high-protein diet (milk, eggs, nuts, paneer, whole grains). Eat every 3–4 hours."
52,45-54,Male,Obesity,"Cardiac disease, Stroke, Depression, Chronic fatigue","Strictly avoid junk food, focus on low-calorie diet, consult doctor for weight management.",High,Breakfast: Oats | Lunch: Roti + Veg | Snack: Seeds | Dinner: Soup + Salad,"Low-carb, low-fat diet. Avoid fried foods, sugary drinks, and eat small portions frequently."
59,55-60,Female,Normal,"Healthy, maintain calcium & heart care",Maintain balanced diet and regular exercise; ensure hydration and proper sleep.,Low,Breakfast: Oats + Milk | Lunch: Rice + Veg dal | Snack: Boiled egg/Paneer | Dinner: Soup + Roti,"Balanced diet with fruits, vegetables, whole grains, and yoga/exercise 30 min daily."
24,18-24,Male,Overweight,"Early hypertension, Fatty liver, Insulin resistance, Tension, Sleep disturbance","Control portion size, reduce sugar and oil; prefer high-fiber meals and daily walks.",Medium,Breakfast: Oats + Fruit | Lunch: Brown rice + Veg + Dal | Snack: Green tea + Nuts | Dinner: Soup + Chapati,"Low sugar, low oil, high-fiber meals. Include salads, fruits, and avoid junk food."
52,45-54,Female,Obesity,"Hypertension, Type 2 Diabetes, Heart issues, Depression, Liver problems","Strictly avoid junk food, focus on low-calorie diet, consult doctor for weight management.",High,Breakfast: Oats | Lunch: Roti + Dal  | Snack: Seeds | Dinner: Soup,"Low-carb, low-fat diet. Avoid fried foods, sugary drinks, and eat small portions frequently."
56,55-60,Male,Obesity,"Heart failure, Stroke, Chronic diabetes, Anxiety, Arthritis","Strictly avoid junk food, focus on low-calorie diet, consult doctor for weight management.",High,Breakfast: Porridge | Lunch: Dal + Veg | Snack: Fruit | Dinner: Soup,"Low-carb, low-fat diet. Avoid fried foods, sugary drinks, and eat small portions frequently."
26,25-34,Female,Obesity,"PCOS, Infertility, Type 2 Diabetes, Hypertension, Anxiety","Strictly avoid junk food, focus on low-calorie diet, consult doctor for weight management.",High,Breakfast: Oats | Lunch: Roti + Veg | Snack: Green tea | Dinner: Soup + Salad,"Low-carb, low-fat diet. Avoid fried foods, sugary drinks, and eat small portions frequently."
53,45-54,Female,Underweight,"Osteoporosis, Hormone imbalance, Stress",Increase calorie intake with protein & dairy; eat small meals often and do strength exercises.,Medium,Breakfast: Poha + Milk | Lunch: Khichdi + Dal | Snack: Banana | Dinner: Soup + Roti,"High-calorie, high-protein diet (milk, eggs, nuts, paneer, whole grains). Eat every 3–4 hours."
27,25-34,Female,Normal,"Healthy, maintain balanced diet, mild stress risk",Maintain balanced diet and regular exercise; ensure hydration and proper sleep.,Low,Breakfast: Poha + Milk | Lunch: Roti + Veg + Salad | Snack: Yogurt | Dinner: Khichdi + Curd,"Balanced diet with fruits, vegetables, whole grains, and yoga/exercise 30 min daily."
57,55-60,Male,Underweight,"Frailty, Low bone density, Weak immunity",Increase calorie intake with protein & dairy; eat small meals often and do strength exercises.,Medium,Breakfast: Soft dalia + Milk | Lunch: Khichdi + Curd | Snack: Banana | Dinner: Soup + Soft roti + Paneer,"High-calorie, high-protein diet (milk, eggs, nuts, paneer, whole grains). Eat every 3–4 hours."
21,18-24,Male,Underweight,"Anemia, Vitamin deficiency, Low muscle mass, Fatigue, Anxiety, Weak immunity",Increase calorie intake with protein & dairy; eat small meals often and do strength exercises.,Medium,"Breakfast: Milk + Banana + Boiled eggs | Lunch: Paneer, Rice, Dal | Snack: Nuts, Smoothie | Dinner: Chapati + Chicken/Paneer curry","High-calorie, high-protein diet (milk, eggs, nuts, paneer, whole grains). Eat every 3–4 hours."
59,55-60,Male,Overweight,"High BP, Diabetes, Cardiac strain, Liver issues","Control portion size, reduce sugar and oil; prefer high-fiber meals and daily walks.",Medium,Breakfast: Soft oats | Lunch: Dal + Veg | Snack: Fruit | Dinner: Soup + Roti,"Low sugar, low oil, high-fiber meals. Include salads, fruits, and avoid junk food."
40,35-44,Male,Obesity,"Diabetes, Sleep apnea, Cardiac disease, Liver cirrhosis, Depression","Strictly avoid junk food, focus on low-calorie diet, consult doctor for weight management.",High,Breakfast: Oats | Lunch: Brown rice + Veg | Snack: Nuts | Dinner: Soup + Salad,"Low-carb, low-fat diet. Avoid fried foods, sugary drinks, and eat small portions frequently."
50,45-54,Female,Overweight,"Thyroid, Diabetes, Joint stiffness, Anxiety","Control portion size, reduce sugar and oil; prefer high-fiber meals and daily walks.",Medium,Breakfast: Oats + Milk | Lunch: Roti + Dal | Snack: Seeds | Dinner: Light Veg soup,"Low sugar, low oil, high-fiber meals. Include salads, fruits, and avoid junk food."
38,35-44,Female,Obesity,"Diabetes, Hypertension, Breast cancer risk, Anxiety, Heart strain","Strictly avoid junk food, focus on low-calorie diet, consult doctor for weight management.",High,Breakfast: Dalia | Lunch: Brown rice + Veg | Snack: Fruit | Dinner: Soup,"Low-carb, low-fat diet. Avoid fried foods, sugary drinks, and eat small portions frequently."
54,45-54,Male,Underweight,"Muscle loss, Nutrient deficiency, Stress",Increase calorie intake with protein & dairy; eat small meals often and do strength exercises.,Medium,Breakfast: Oats + Milk | Lunch: Dal + Rice + Veg | Snack: Fruit + Seeds | Dinner: Chapati + Paneer/Tofu,"High-calorie, high-protein diet (milk, eggs, nuts, paneer, whole grains). Eat every 3–4 hours."
35,35-44,Male,Normal,"Healthy, but rising risk of hypertension and liver fat",Maintain balanced diet and regular exercise; ensure hydration and proper sleep.,Low,Breakfast: Poha + Milk | Lunch: Roti + Dal + Veg | Snack: Fruit | Dinner: Khichdi + Curd,"Balanced diet with fruits, vegetables, whole grains, and yoga/exercise 30 min daily."
55,55-60,Male,Obesity,"Heart failure, Stroke, Chronic diabetes, Anxiety, Arthritis","Strictly avoid junk food, focus on low-calorie diet, consult doctor for weight management.",High,Breakfast: Porridge | Lunch: Dal + Veg | Snack: Fruit | Dinner: Soup,"Low-carb, low-fat diet. Avoid fried foods, sugary drinks, and eat small portions frequently."
53,45-54,Female,Normal,"Healthy, menopause-related changes",Maintain balanced diet and regular exercise; ensure hydration and proper sleep.,Low,Breakfast: Idli + Chutney | Lunch: Brown rice + Dal | Snack: Seeds + Fruit | Dinner: Khichdi,"Balanced diet with fruits, vegetables, whole grains, and yoga/exercise 30 min daily."
58,55-60,Male,Normal,"Healthy aging, maintain diet & walk",Maintain balanced diet and regular exercise; ensure hydration and proper sleep.,Low,Breakfast: Dalia + Milk | Lunch: Soft rice + Dal | Snack: Fruit | Dinner: Soup + Roti,"Balanced diet with fruits, vegetables, whole grains, and yoga/exercise 30 min daily."
22,18-24,Male,Obesity,"Type 2 Diabetes, Sleep apnea, Heart strain, Liver disease, Depression","Strictly avoid junk food, focus on low-calorie diet, consult doctor for weight management.",High,Breakfast: Oats + Green tea | Lunch: Brown rice + Dal + Veg | Snack: Fruit | Dinner: Soup + Salad,"Low-carb, low-fat diet. Avoid fried foods, sugary drinks, and eat small portions frequently."
59,55-60,Female,Overweight,"BP, Diabetes, Joint pain, Anxiety","Control portion size, reduce sugar and oil; prefer high-fiber meals and daily walks.",Medium,Breakfast: Dalia | Lunch: Soft rice + Dal | Snack: Fruit | Dinner: Soup,"Low sugar, low oil, high-fiber meals. Include salads, fruits, and avoid junk food."
24,18-24,Male,Obesity,"Type 2 Diabetes, Sleep apnea, Heart strain, Liver disease, Depression","Strictly avoid junk food, focus on low-calorie diet, consult doctor for weight management.",High,Breakfast: Oats + Green tea | Lunch: Brown rice + Dal + Veg | Snack: Fruit | Dinner: Soup + Salad,"Low-carb, low-fat diet. Avoid fried foods, sugary drinks, and eat small portions frequently."
59,55-60,Female,Obesity,"Heart disease, Arthritis, Stroke risk, Depression","Strictly avoid junk food, focus on low-calorie diet, consult doctor for weight management.",High,Breakfast: Porridge | Lunch: Soft rice + Veg | Snack: Fruit | Dinner: Soup,"Low-carb, low-fat diet. Avoid fried foods, sugary drinks, and eat small portions frequently."
20,18-24,Female,Obesity,"PCOS/PCOD, Type 2 Diabetes, Fertility issues, Depression","Strictly avoid junk food, focus on low-calorie diet, consult doctor for weight management.",High,Breakfast: Smoothie + Seeds | Lunch: Brown rice + Dal + Veg | Snack: Fruit | Dinner: Soup,"Low-carb, low-fat diet. Avoid fried foods, sugary drinks, and eat small portions frequently."
37,35-44,Male,Overweight,"Hypertension, Cholesterol, Fatty liver, Anxiety","Control portion size, reduce sugar and oil; prefer high-fiber meals and daily walks.",Medium,Breakfast: Oats + Milk | Lunch: Roti + Dal + Veg | Snack: Green tea | Dinner: Soup + Roti,"Low sugar, low oil, high-fiber meals. Include salads, fruits, and avoid junk food."
23,18-24,Female,Normal,"Healthy, maintain fitness & hydration",Maintain balanced diet and regular exercise; ensure hydration and proper sleep.,Low,Breakfast: Oats + Fruit | Lunch: Rice + Veg curry | Snack: Nuts | Dinner: Chapati + Dal,"Balanced diet with fruits, vegetables, whole grains, and yoga/exercise 30 min daily."
25,25-34,Female,Overweight,"PCOS, Thyroid disorder, Gestational risk, Depression, Liver fat","Control portion size, reduce sugar and oil; prefer high-fiber meals and daily walks.",Medium,Breakfast: Smoothie + Seeds | Lunch: Roti + Veg curry | Snack: Fruit | Dinner: Dal soup,"Low sugar, low oil, high-fiber meals. Include salads, fruits, and avoid junk food."
59,55-60,Female,Normal,"Healthy, maintain calcium & heart care",Maintain balanced diet and regular exercise; ensure hydration and proper sleep.,Low,Breakfast: Oats + Milk | Lunch: Rice + Veg dal | Snack: Boiled egg/Paneer | Dinner: Soup + Roti,"Balanced diet with fruits, vegetables, whole grains, and yoga/exercise 30 min daily."
60,55-60,Female,Underweight,"Osteoporosis, Menopause fatigue, Weak immunity",Increase calorie intake with protein & dairy; eat small meals often and do strength exercises.,Medium,Breakfast: Oats + Milk | Lunch: Rice + Dal | Snack: Boiled egg/Paneer | Dinner: Soft khichdi,"High-calorie, high-protein diet (milk, eggs, nuts, paneer, whole grains). Eat every 3–4 hours."
54,45-54,Male,Underweight,"Muscle loss, Nutrient deficiency, Stress",Increase calorie intake with protein & dairy; eat small meals often and do strength exercises.,Medium,Breakfast: Oats + Milk | Lunch: Dal + Rice + Veg | Snack: Fruit + Seeds | Dinner: Chapati + Paneer/Tofu,"High-calorie, high-protein diet (milk, eggs, nuts, paneer, whole grains). Eat every 3–4 hours."
46,45-54,Male,Overweight,"Hypertension, Diabetes, Fatty liver, Anxiety, Joint pain","Control portion size, reduce sugar and oil; prefer high-fiber meals and daily walks.",Medium,Breakfast: Dalia + Fruit | Lunch: Roti + Veg | Snack: Nuts | Dinner: Light khichdi,"Low sugar, low oil, high-fiber meals. Include salads, fruits, and avoid junk food."
26,25-34,Female,Overweight,"PCOS, Thyroid disorder, Gestational risk, Depression, Liver fat","Control portion size, reduce sugar and oil; prefer high-fiber meals and daily walks.",Medium,Breakfast: Smoothie + Seeds | Lunch: Roti + Veg curry | Snack: Fruit | Dinner: Dal soup,"Low sugar, low oil, high-fiber meals. Include salads, fruits, and avoid junk food."
39,35-44,Male,Normal,"Healthy, but rising risk of hypertension and liver fat",Maintain balanced diet and regular exercise; ensure hydration and proper sleep.,Low,Breakfast: Poha + Milk | Lunch: Roti + Dal + Veg | Snack: Fruit | Dinner: Khichdi + Curd,"Balanced diet with fruits, vegetables, whole grains, and yoga/exercise 30 min daily."
24,18-24,Male,Underweight,"Anemia, Vitamin deficiency, Low muscle mass, Fatigue, Anxiety, Weak immunity",Increase calorie intake with protein & dairy; eat small meals often and do strength exercises.,Medium,"Breakfast: Milk + Banana + Boiled eggs | Lunch: Paneer, Rice, Dal | Snack: Nuts, Smoothie | Dinner: Chapati + Chicken/Paneer curry","High-calorie, high-protein diet (milk, eggs, nuts, paneer, whole grains). Eat every 3–4 hours."
41,35-44,Female,Normal,"Healthy, but screen for thyroid/menstrual health",Maintain balanced diet and regular exercise; ensure hydration and proper sleep.,Low,Breakfast: Dosa + Milk | Lunch: Roti + Dal + Veg | Snack: Fruit | Dinner: Soup + Chapati,"Balanced diet with fruits, vegetables, whole grains, and yoga/exercise 30 min daily."
53,45-54,Female,Obesity,"Hypertension, Type 2 Diabetes, Heart issues, Depression, Liver problems","Strictly avoid junk food, focus on low-calorie diet, consult doctor for weight management.",High,Breakfast: Oats | Lunch: Roti + Dal  | Snack: Seeds | Dinner: Soup,"Low-carb, low-fat diet. Avoid fried foods, sugary drinks, and eat small portions frequently."
45,45-54,Female,Normal,"Healthy, menopause-related changes",Maintain balanced diet and regular exercise; ensure hydration and proper sleep.,Low,Breakfast: Idli + Chutney | Lunch: Brown rice + Dal | Snack: Seeds + Fruit | Dinner: Khichdi,"Balanced diet with fruits, vegetables, whole grains, and yoga/exercise 30 min daily."
39,35-44,Female,Overweight,"Thyroid issues, PCOS, Joint pain, Hypertension","Control portion size, reduce sugar and oil; prefer high-fiber meals and daily walks.",Medium,Breakfast: Poha + Tea | Lunch: Rice + Veg | Snack: Salad | Dinner: Soup + Khichdi,"Low sugar, low oil, high-fiber meals. Include salads, fruits, and avoid junk food."
22,18-24,Male,Underweight,"Anemia, Vitamin deficiency, Low muscle mass, Fatigue, Anxiety, Weak immunity",Increase calorie intake with protein & dairy; eat small meals often and do strength exercises.,Medium,"Breakfast: Milk + Banana + Boiled eggs | Lunch: Paneer, Rice, Dal | Snack: Nuts, Smoothie | Dinner: Chapati + Chicken/Paneer curry","High-calorie, high-protein diet (milk, eggs, nuts, paneer, whole grains). Eat every 3–4 hours."
55,55-60,Female,Overweight,"BP, Diabetes, Joint pain, Anxiety","Control portion size, reduce sugar and oil; prefer high-fiber meals and daily walks.",Medium,Breakfast: Dalia | Lunch: Soft rice + Dal | Snack: Fruit | Dinner: Soup,"Low sugar, low oil, high-fiber meals. Include salads, fruits, and avoid junk food."
50,45-54,Female,Overweight,"Thyroid, Diabetes, Joint stiffness, Anxiety","Control portion size, reduce sugar and oil; prefer high-fiber meals and daily walks.",Medium,Breakfast: Oats + Milk | Lunch: Roti + Dal | Snack: Seeds | Dinner: Light Veg soup,"Low sugar, low oil, high-fiber meals. Include salads, fruits, and avoid junk food."
54,45-54,Female,Underweight,"Osteoporosis, Hormone imbalance, Stress",Increase calorie intake with protein & dairy; eat small meals often and do strength exercises.,Medium,Breakfast: Poha + Milk | Lunch: Khichdi + Dal | Snack: Banana | Dinner: Soup + Roti,"High-calorie, high-protein diet (milk, eggs, nuts, paneer, whole grains). Eat every 3–4 hours."
23,18-24,Female,Obesity,"PCOS/PCOD, Type 2 Diabetes, Fertility issues, Depression","Strictly avoid junk food, focus on low-calorie diet, consult doctor for weight management.",High,Breakfast: Smoothie + Seeds | Lunch: Brown rice + Dal + Veg | Snack: Fruit | Dinner: Soup,"Low-carb, low-fat diet. Avoid fried foods, sugary drinks, and eat small portions frequently."
57,55-60,Male,Normal,"Healthy aging, maintain diet & walk",Maintain balanced diet and regular exercise; ensure hydration and proper sleep.,Low,Breakfast: Dalia + Milk | Lunch: Soft rice + Dal | Snack: Fruit | Dinner: Soup + Roti,"Balanced diet with fruits, vegetables, whole grains, and yoga/exercise 30 min daily."
55,55-60,Female,Obesity,"Heart disease, Arthritis, Stroke risk, Depression","Strictly avoid junk food, focus on low-calorie diet, consult doctor for weight management.",High,Breakfast: Porridge | Lunch: Soft rice + Veg | Snack: Fruit | Dinner: Soup,"Low-carb, low-fat diet. Avoid fried foods, sugary drinks, and eat small portions frequently."
55,55-60,Male,Underweight,"Frailty, Low bone density, Weak immunity",Increase calorie intake with protein & dairy; eat small meals often and do strength exercises.,Medium,Breakfast: Soft dalia + Milk | Lunch: Khichdi + Curd | Snack: Banana | Dinner: Soup + Soft roti + Paneer,"High-calorie, high-protein diet (milk, eggs, nuts, paneer, whole grains). Eat every 3–4 hours."
58,55-60,Female,Overweight,"BP, Diabetes, Joint pain, Anxiety","Control portion size, reduce sugar and oil; prefer high-fiber meals and daily walks.",Medium,Breakfast: Dalia | Lunch: Soft rice + Dal | Snack: Fruit | Dinner: Soup,"Low sugar, low oil, high-fiber meals. Include salads, fruits, and avoid junk food."
41,35-44,Male,Obesity,"Diabetes, Sleep apnea, Cardiac disease, Liver cirrhosis, Depression","Strictly avoid junk food, focus on low-calorie diet, consult doctor for weight management.",High,Breakfast: Oats | Lunch: Brown rice + Veg | Snack: Nuts | Dinner: Soup + Salad,"Low-carb, low-fat diet. Avoid fried foods, sugary drinks, and eat small portions frequently."
54,45-54,Female,Underweight,"Osteoporosis, Hormone imbalance, Stress",Increase calorie intake with protein & dairy; eat small meals often and do strength exercises.,Medium,Breakfast: Poha + Milk | Lunch: Khichdi + Dal | Snack: Banana | Dinner: Soup + Roti,"High-calorie, high-protein diet (milk, eggs, nuts, paneer, whole grains). Eat every 3–4 hours."
18,18-24,Female,Normal,"Healthy, maintain fitness & hydration",Maintain balanced diet and regular exercise; ensure hydration and proper sleep.,Low,Breakfast: Oats + Fruit | Lunch: Rice + Veg curry | Snack: Nuts | Dinner: Chapati + Dal,"Balanced diet with fruits, vegetables, whole grains, and yoga/exercise 30 min daily."
18,18-24,Male,Obesity,"Type 2 Diabetes, Sleep apnea, Heart strain, Liver disease, Depression","Strictly avoid junk food, focus on low-calorie diet, consult doctor for weight management.",High,Breakfast: Oats + Green tea | Lunch: Brown rice + Dal + Veg | Snack: Fruit | Dinner: Soup + Salad,"Low-carb, low-fat diet. Avoid fried foods, sugary drinks, and eat small portions frequently."
22,18-24,Female,Obesity,"PCOS/PCOD, Type 2 Diabetes, Fertility issues, Depression","Strictly avoid junk food, focus on low-calorie diet, consult doctor for weight management.",High,Breakfast: Smoothie + Seeds | Lunch: Brown rice + Dal + Veg | Snack: Fruit | Dinner: Soup,"Low-carb, low-fat diet. Avoid fried foods, sugary drinks, and eat small portions frequently."
51,45-54,Female,Overweight,"Thyroid, Diabetes, Joint stiffness, Anxiety","Control portion size, reduce sugar and oil; prefer high-fiber meals and daily walks.",Medium,Breakfast: Oats + Milk | Lunch: Roti + Dal | Snack: Seeds | Dinner: Light Veg soup,"Low sugar, low oil, high-fiber meals. Include salads, fruits, and avoid junk food."
38,35-44,Female,Underweight,"Osteopenia, Hormonal issues, Fatigue, Nutritional deficiency",Increase calorie intake with protein & dairy; eat small meals often and do strength exercises.,Medium,Breakfast: Idli + Coconut chutney | Lunch: Dal rice + Veg | Snack: Fruit smoothie | Dinner: Chapati + Paneer,"High-calorie, high-protein diet (milk, eggs, nuts, paneer, whole grains). Eat every 3–4 hours."
38,35-44,Male,Overweight,"Hypertension, Cholesterol, Fatty liver, Anxiety","Control portion size, reduce sugar and oil; prefer high-fiber meals and daily walks.",Medium,Breakfast: Oats + Milk | Lunch: Roti + Dal + Veg | Snack: Green tea | Dinner: Soup + Roti,"Low sugar, low oil, high-fiber meals. Include salads, fruits, and avoid junk food."
59,55-60,Male,Normal,"Healthy aging, maintain diet & walk",Maintain balanced diet and regular exercise; ensure hydration and proper sleep.,Low,Breakfast: Dalia + Milk | Lunch: Soft rice + Dal | Snack: Fruit | Dinner: Soup + Roti,"Balanced diet with fruits, vegetables, whole grains, and yoga/exercise 30 min daily."
45,45-54,Male,Normal,"Good health, monitor BP and sugar regularly",Maintain balanced diet and regular exercise; ensure hydration and proper sleep.,Low,Breakfast: Oats + Milk | Lunch: Rice + Dal + Veg | Snack: Fruit | Dinner: Roti + Soup,"Balanced diet with fruits, vegetables, whole grains, and yoga/exercise 30 min daily."
60,55-60,Female,Normal,"Healthy, maintain calcium & heart care",Maintain balanced diet and regular exercise; ensure hydration and proper sleep.,Low,Breakfast: Oats + Milk | Lunch: Rice + Veg dal | Snack: Boiled egg/Paneer | Dinner: Soup + Roti,"Balanced diet with fruits, vegetables, whole grains, and yoga/exercise 30 min daily."
34,25-34,Male,Obesity,"Heart disease, Sleep apnea, Liver problems, Anxiety, Depression","Strictly avoid junk food, focus on low-calorie diet, consult doctor for weight management.",High,Breakfast: Dalia + Fruit | Lunch: Roti + Veg | Snack: Green tea | Dinner: Soup + Salad,"Low-carb, low-fat diet. Avoid fried foods, sugary drinks, and eat small portions frequently."
19,18-24,Male,Normal,"Healthy, possible stress or mild anxiety due to lifestyle",Maintain balanced diet and regular exercise; ensure hydration and proper sleep.,Low,Breakfast: Oats + Milk | Lunch: Roti + Veg + Dal | Snack: Fruit | Dinner: Rice + Dal + Salad,"Balanced diet with fruits, vegetables, whole grains, and yoga/exercise 30 min daily."
43,35-44,Female,Obesity,"Diabetes, Hypertension, Breast cancer risk, Anxiety, Heart strain","Strictly avoid junk food, focus on low-calorie diet, consult doctor for weight management.",High,Breakfast: Dalia | Lunch: Brown rice + Veg | Snack: Fruit | Dinner: Soup,"Low-carb, low-fat diet. Avoid fried foods, sugary drinks, and eat small portions frequently."
47,45-54,Male,Normal,"Good health, monitor BP and sugar regularly",Maintain balanced diet and regular exercise; ensure hydration and proper sleep.,Low,Breakfast: Oats + Milk | Lunch: Rice + Dal + Veg | Snack: Fruit | Dinner: Roti + Soup,"Balanced diet with fruits, vegetables, whole grains, and yoga/exercise 30 min daily."
52,45-54,Female,Obesity,"Hypertension, Type 2 Diabetes, Heart issues, Depression, Liver problems","Strictly avoid junk food, focus on low-calorie diet, consult doctor for weight management.",High,Breakfast: Oats | Lunch: Roti + Dal  | Snack: Seeds | Dinner: Soup,"Low-carb, low-fat diet. Avoid fried foods, sugary drinks, and eat small portions frequently."
58,55-60,Female,Overweight,"BP, Diabetes, Joint pain, Anxiety","Control portion size, reduce sugar and oil; prefer high-fiber meals and daily walks.",Medium,Breakfast: Dalia | Lunch: Soft rice + Dal | Snack: Fruit | Dinner: Soup,"Low sugar, low oil, high-fiber meals. Include salads, fruits, and avoid junk food."
51,45-54,Female,Overweight,"Thyroid, Diabetes, Joint stiffness, Anxiety","Control portion size, reduce sugar and oil; prefer high-fiber meals and daily walks.",Medium,Breakfast: Oats + Milk | Lunch: Roti + Dal | Snack: Seeds | Dinner: Light Veg soup,"Low sugar, low oil, high-fiber meals. Include salads, fruits, and avoid junk food."
23,18-24,Female,Underweight,"Iron deficiency, Hormonal imbalance, Irregular periods, Anxiety, Hair loss",Increase calorie intake with protein & dairy; eat small meals often and do strength exercises.,Medium,Breakfast: Oats + Milk | Lunch: Rice + Dal + Paneer | Snack: Fruit | Dinner: Chapati + Veg + Paneer,"High-calorie, high-protein diet (milk, eggs, nuts, paneer, whole grains). Eat every 3–4 hours."
58,55-60,Female,Underweight,"Osteoporosis, Menopause fatigue, Weak immunity",Increase calorie intake with protein & dairy; eat small meals often and do strength exercises.,Medium,Breakfast: Oats + Milk | Lunch: Rice + Dal | Snack: Boiled egg/Paneer | Dinner: Soft khichdi,"High-calorie, high-protein diet (milk, eggs, nuts, paneer, whole grains). Eat every 3–4 hours."
25,25-34,Female,Overweight,"PCOS, Thyroid disorder, Gestational risk, Depression, Liver fat","Control portion size, reduce sugar and oil; prefer high-fiber meals and daily walks.",Medium,Breakfast: Smoothie + Seeds | Lunch: Roti + Veg curry | Snack: Fruit | Dinner: Dal soup,"Low sugar, low oil, high-fiber meals. Include salads, fruits, and avoid junk food."
19,18-24,Female,Overweight,"PCOS, Thyroid imbalance, Insulin resistance, Mental tension","Control portion size, reduce sugar and oil; prefer high-fiber meals and daily walks.",Medium,Breakfast: Oats + Fruit | Lunch: Brown rice + Veg | Snack: Nuts | Dinner: Soup + Roti,"Low sugar, low oil, high-fiber meals. Include salads, fruits, and avoid junk food."
39,35-44,Male,Normal,"Healthy, but rising risk of hypertension and liver fat",Maintain balanced diet and regular exercise; ensure hydration and proper sleep.,Low,Breakfast: Poha + Milk | Lunch: Roti + Dal + Veg | Snack: Fruit | Dinner: Khichdi + Curd,"Balanced diet with fruits, vegetables, whole grains, and yoga/exercise 30 min daily."
60,55-60,Female,Obesity,"Heart disease, Arthritis, Stroke risk, Depression","Strictly avoid junk food, focus on low-calorie diet, consult doctor for weight management.",High,Breakfast: Porridge | Lunch: Soft rice + Veg | Snack: Fruit | Dinner: Soup,"Low-carb, low-fat diet. Avoid fried foods, sugary drinks, and eat small portions frequently."
31,25-34,Male,Normal,"Healthy, mild stress or work pressure possible",Maintain balanced diet and regular exercise; ensure hydration and proper sleep.,Low,Breakfast: Brown bread + Eggs | Lunch: Roti + Chicken + Veg | Snack: Nuts | Dinner: Soup + Chapati,"Balanced diet with fruits, vegetables, whole grains, and yoga/exercise 30 min daily."
57,55-60,Male,Underweight,"Frailty, Low bone density, Weak immunity",Increase calorie intake with protein & dairy; eat small meals often and do strength exercises.,Medium,Breakfast: Soft dalia + Milk | Lunch: Khichdi + Curd | Snack: Banana | Dinner: Soup + Soft roti + Paneer,"High-calorie, high-protein diet (milk, eggs, nuts, paneer, whole grains). Eat every 3–4 hours."
20,18-24,Female,Normal,"Healthy, maintain fitness & hydration",Maintain balanced diet and regular exercise; ensure hydration and proper sleep.,Low,Breakfast: Oats + Fruit | Lunch: Rice + Veg curry | Snack: Nuts | Dinner: Chapati + Dal,"Balanced diet with fruits, vegetables, whole grains, and yoga/exercise 30 min daily."
23,18-24,Female,Overweight,"PCOS, Thyroid imbalance, Insulin resistance, Mental tension","Control portion size, reduce sugar and oil; prefer high-fiber meals and daily walks.",Medium,Breakfast: Oats + Fruit | Lunch: Brown rice + Veg | Snack: Nuts | Dinner: Soup + Roti,"Low sugar, low oil, high-fiber meals. Include salads, fruits, and avoid junk food."
24,18-24,Female,Overweight,"PCOS, Thyroid imbalance, Insulin resistance, Mental tension","Control portion size, reduce sugar and oil; prefer high-fiber meals and daily walks.",Medium,Breakfast: Oats + Fruit | Lunch: Brown rice + Veg | Snack: Nuts | Dinner: Soup + Roti,"Low sugar, low oil, high-fiber meals. Include salads, fruits, and avoid junk food."
26,25-34,Male,Obesity,"Heart disease, Sleep apnea, Liver problems, Anxiety, Depression","Strictly avoid junk food, focus on low-calorie diet, consult doctor for weight management.",High,Breakfast: Dalia + Fruit | Lunch: Roti + Veg | Snack: Green tea | Dinner: Soup + Salad,"Low-carb, low-fat diet. Avoid fried foods, sugary drinks, and eat small portions frequently."
18,18-24,Female,Normal,"Healthy, maintain fitness & hydration",Maintain balanced diet and regular exercise; ensure hydration and proper sleep.,Low,Breakfast: Oats + Fruit | Lunch: Rice + Veg curry | Snack: Nuts | Dinner: Chapati + Dal,"Balanced diet with fruits, vegetables, whole grains, and yoga/exercise 30 min daily."
42,35-44,Female,Normal,"Healthy, but screen for thyroid/menstrual health",Maintain balanced diet and regular exercise; ensure hydration and proper sleep.,Low,Breakfast: Dosa + Milk | Lunch: Roti + Dal + Veg | Snack: Fruit | Dinner: Soup + Chapati,"Balanced diet with fruits, vegetables, whole grains, and yoga/exercise 30 min daily."
19,18-24,Female,Overweight,"PCOS, Thyroid imbalance, Insulin resistance, Mental tension","Control portion size, reduce sugar and oil; prefer high-fiber meals and daily walks.",Medium,Breakfast: Oats + Fruit | Lunch: Brown rice + Veg | Snack: Nuts | Dinner: Soup + Roti,"Low sugar, low oil, high-fiber meals. Include salads, fruits, and avoid junk food."
30,25-34,Male,Normal,"Healthy, mild stress or work pressure possible",Maintain balanced diet and regular exercise; ensure hydration and proper sleep.,Low,Breakfast: Brown bread + Eggs | Lunch: Roti + Chicken + Veg | Snack: Nuts | Dinner: Soup + Chapati,"Balanced diet with fruits, vegetables, whole grains, and yoga/exercise 30 min daily."
35,35-44,Male,Normal,"Healthy, but rising risk of hypertension and liver fat",Maintain balanced diet and regular exercise; ensure hydration and proper sleep.,Low,Breakfast: Poha + Milk | Lunch: Roti + Dal + Veg | Snack: Fruit | Dinner: Khichdi + Curd,"Balanced diet with fruits, vegetables, whole grains, and yoga/exercise 30 min daily."
37,35-44,Male,Underweight,"Anemia, Bone density loss, Fatigue, Stress",Increase calorie intake with protein & dairy; eat small meals often and do strength exercises.,Medium,Breakfast: Milk + Dry fruits | Lunch: Khichdi + Dal | Snack: Fruit shake | Dinner: Rice + Paneer curry,"High-calorie, high-protein diet (milk, eggs, nuts, paneer, whole grains). Eat every 3–4 hours."
59,55-60,Female,Underweight,"Osteoporosis, Menopause fatigue, Weak immunity",Increase calorie intake with protein & dairy; eat small meals often and do strength exercises.,Medium,Breakfast: Oats + Milk | Lunch: Rice + Dal | Snack: Boiled egg/Paneer | Dinner: Soft khichdi,"High-calorie, high-protein diet (milk, eggs, nuts, paneer, whole grains). Eat every 3–4 hours."
35,35-44,Male,Underweight,"Anemia, Bone density loss, Fatigue, Stress",Increase calorie intake with protein & dairy; eat small meals often and do strength exercises.,Medium,Breakfast: Milk + Dry fruits | Lunch: Khichdi + Dal | Snack: Fruit shake | Dinner: Rice + Paneer curry,"High-calorie, high-protein diet (milk, eggs, nuts, paneer, whole grains). Eat every 3–4 hours."
57,55-60,Male,Overweight,"High BP, Diabetes, Cardiac strain, Liver issues","Control portion size, reduce sugar and oil; prefer high-fiber meals and daily walks.",Medium,Breakfast: Soft oats | Lunch: Dal + Veg | Snack: Fruit | Dinner: Soup + Roti,"Low sugar, low oil, high-fiber meals. Include salads, fruits, and avoid junk food."
25,25-34,Female,Obesity,"PCOS, Infertility, Type 2 Diabetes, Hypertension, Anxiety","Strictly avoid junk food, focus on low-calorie diet, consult doctor for weight management.",High,Breakfast: Oats | Lunch: Roti + Veg | Snack: Green tea | Dinner: Soup + Salad,"Low-carb, low-fat diet. Avoid fried foods, sugary drinks, and eat small portions frequently."
31,25-34,Female,Obesity,"PCOS, Infertility, Type 2 Diabetes, Hypertension, Anxiety","Strictly avoid junk food, focus on low-calorie diet, consult doctor for weight management.",High,Breakfast: Oats | Lunch: Roti + Veg | Snack: Green tea | Dinner: Soup + Salad,"Low-carb, low-fat diet. Avoid fried foods, sugary drinks, and eat small portions frequently."
24,18-24,Male,Obesity,"Type 2 Diabetes, Sleep apnea, Heart strain, Liver disease, Depression","Strictly avoid junk food, focus on low-calorie diet, consult doctor for weight management.",High,Breakfast: Oats + Green tea | Lunch: Brown rice + Dal + Veg | Snack: Fruit | Dinner: Soup + Salad,"Low-carb, low-fat diet. Avoid fried foods, sugary drinks, and eat small portions frequently."
38,35-44,Female,Overweight,"Thyroid issues, PCOS, Joint pain, Hypertension","Control portion size, reduce sugar and oil; prefer high-fiber meals and daily walks.",Medium,Breakfast: Poha + Tea | Lunch: Rice + Veg | Snack: Salad | Dinner: Soup + Khichdi,"Low sugar, low oil, high-fiber meals. Include salads, fruits, and avoid junk food."
19,18-24,Male,Overweight,"Early hypertension, Fatty liver, Insulin resistance, Tension, Sleep disturbance","Control portion size, reduce sugar and oil; prefer high-fiber meals and daily walks.",Medium,Breakfast: Oats + Fruit | Lunch: Brown rice + Veg + Dal | Snack: Green tea + Nuts | Dinner: Soup + Chapati,"Low sugar, low oil, high-fiber meals. Include salads, fruits, and avoid junk food."
40,35-44,Female,Normal,"Healthy, but screen for thyroid/menstrual health",Maintain balanced diet and regular exercise; ensure hydration and proper sleep.,Low,Breakfast: Dosa + Milk | Lunch: Roti + Dal + Veg | Snack: Fruit | Dinner: Soup + Chapati,"Balanced diet with fruits, vegetables, whole grains, and yoga/exercise 30 min daily."
24,18-24,Female,Obesity,"PCOS/PCOD, Type 2 Diabetes, Fertility issues, Depression","Strictly avoid junk food, focus on low-calorie diet, consult doctor for weight management.",High,Breakfast: Smoothie + Seeds | Lunch: Brown rice + Dal + Veg | Snack: Fruit | Dinner: Soup,"Low-carb, low-fat diet. Avoid fried foods, sugary drinks, and eat small portions frequently."
23,18-24,Female,Overweight,"PCOS, Thyroid imbalance, Insulin resistance, Mental tension","Control portion size, reduce sugar and oil; prefer high-fiber meals and daily walks.",Medium,Breakfast: Oats + Fruit | Lunch: Brown rice + Veg | Snack: Nuts | Dinner: Soup + Roti,"Low sugar, low oil, high-fiber meals. Include salads, fruits, and avoid junk food."
30,25-34,Female,Normal,"Healthy, maintain balanced diet, mild stress risk",Maintain balanced diet and regular exercise; ensure hydration and proper sleep.,Low,Breakfast: Poha + Milk | Lunch: Roti + Veg + Salad | Snack: Yogurt | Dinner: Khichdi + Curd,"Balanced diet with fruits, vegetables, whole grains, and yoga/exercise 30 min daily."
25,25-34,Female,Overweight,"PCOS, Thyroid disorder, Gestational risk, Depression, Liver fat","Control portion size, reduce sugar and oil; prefer high-fiber meals and daily walks.",Medium,Breakfast: Smoothie + Seeds | Lunch: Roti + Veg curry | Snack: Fruit | Dinner: Dal soup,"Low sugar, low oil, high-fiber meals. Include salads, fruits, and avoid junk food."
18,18-24,Female,Underweight,"Iron deficiency, Hormonal imbalance, Irregular periods, Anxiety, Hair loss",Increase calorie intake with protein & dairy; eat small meals often and do strength exercises.,Medium,Breakfast: Oats + Milk | Lunch: Rice + Dal + Paneer | Snack: Fruit | Dinner: Chapati + Veg + Paneer,"High-calorie, high-protein diet (milk, eggs, nuts, paneer, whole grains). Eat every 3–4 hours."
50,45-54,Male,Normal,"Good health, monitor BP and sugar regularly",Maintain balanced diet and regular exercise; ensure hydration and proper sleep.,Low,Breakfast: Oats + Milk | Lunch: Rice + Dal + Veg | Snack: Fruit | Dinner: Roti + Soup,"Balanced diet with fruits, vegetables, whole grains, and yoga/exercise 30 min daily."
45,45-54,Male,Overweight,"Hypertension, Diabetes, Fatty liver, Anxiety, Joint pain","Control portion size, reduce sugar and oil; prefer high-fiber meals and daily walks.",Medium,Breakfast: Dalia + Fruit | Lunch: Roti + Veg | Snack: Nuts | Dinner: Light khichdi,"Low sugar, low oil, high-fiber meals. Include salads, fruits, and avoid junk food."
60,55-60,Female,Obesity,"Heart disease, Arthritis, Stroke risk, Depression","Strictly avoid junk food, focus on low-calorie diet, consult doctor for weight management.",High,Breakfast: Porridge | Lunch: Soft rice + Veg | Snack: Fruit | Dinner: Soup,"Low-carb, low-fat diet. Avoid fried foods, sugary drinks, and eat small portions frequently."
23,18-24,Male,Overweight,"Early hypertension, Fatty liver, Insulin resistance, Tension, Sleep disturbance","Control portion size, reduce sugar and oil; prefer high-fiber meals and daily walks.",Medium,Breakfast: Oats + Fruit | Lunch: Brown rice + Veg + Dal | Snack: Green tea + Nuts | Dinner: Soup + Chapati,"Low sugar, low oil, high-fiber meals. Include salads, fruits, and avoid junk food."
49,45-54,Male,Normal,"Good health, monitor BP and sugar regularly",Maintain balanced diet and regular exercise; ensure hydration and proper sleep.,Low,Breakfast: Oats + Milk | Lunch: Rice + Dal + Veg | Snack: Fruit | Dinner: Roti + Soup,"Balanced diet with fruits, vegetables, whole grains, and yoga/exercise 30 min daily."
51,45-54,Male,Obesity,"Cardiac disease, Stroke, Depression, Chronic fatigue","Strictly avoid junk food, focus on low-calorie diet, consult doctor for weight management.",High,Breakfast: Oats | Lunch: Roti + Veg | Snack: Seeds | Dinner: Soup + Salad,"Low-carb, low-fat diet. Avoid fried foods, sugary drinks, and eat small portions frequently."
25,25-34,Female,Overweight,"PCOS, Thyroid disorder, Gestational risk, Depression, Liver fat","Control portion size, reduce sugar and oil; prefer high-fiber meals and daily walks.",Medium,Breakfast: Smoothie + Seeds | Lunch: Roti + Veg curry | Snack: Fruit | Dinner: Dal soup,"Low sugar, low oil, high-fiber meals. Include salads, fruits, and avoid junk food."
22,18-24,Female,Overweight,"PCOS, Thyroid imbalance, Insulin resistance, Mental tension","Control portion size, reduce sugar and oil; prefer high-fiber meals and daily walks.",Medium,Breakfast: Oats + Fruit | Lunch: Brown rice + Veg | Snack: Nuts | Dinner: Soup + Roti,"Low sugar, low oil, high-fiber meals. Include salads, fruits, and avoid junk food."
22,18-24,Male,Normal,"Healthy, possible stress or mild anxiety due to lifestyle",Maintain balanced diet and regular exercise; ensure hydration and proper sleep.,Low,Breakfast: Oats + Milk | Lunch: Roti + Veg + Dal | Snack: Fruit | Dinner: Rice + Dal + Salad,"Balanced diet with fruits, vegetables, whole grains, and yoga/exercise 30 min daily."
32,25-34,Female,Underweight,"PCOD, Fatigue, Irregular cycles, Anemia, Anxiety",Increase calorie intake with protein & dairy; eat small meals often and do strength exercises.,Medium,Breakfast: Milk + Dry fruits | Lunch: Dal + Chapati + Salad | Snack: Yogurt + Nuts | Dinner: Khichdi + Ghee,"High-calorie, high-protein diet (milk, eggs, nuts, paneer, whole grains). Eat every 3–4 hours."
19,18-24,Female,Overweight,"PCOS, Thyroid imbalance, Insulin resistance, Mental tension","Control portion size, reduce sugar and oil; prefer high-fiber meals and daily walks.",Medium,Breakfast: Oats + Fruit | Lunch: Brown rice + Veg | Snack: Nuts | Dinner: Soup + Roti,"Low sugar, low oil, high-fiber meals. Include salads, fruits, and avoid junk food."
39,35-44,Male,Underweight,"Anemia, Bone density loss, Fatigue, Stress",Increase calorie intake with protein & dairy; eat small meals often and do strength exercises.,Medium,Breakfast: Milk + Dry fruits | Lunch: Khichdi + Dal | Snack: Fruit shake | Dinner: Rice + Paneer curry,"High-calorie, high-protein diet (milk, eggs, nuts, paneer, whole grains). Eat every 3–4 hours."
34,25-34,Female,Overweight,"PCOS, Thyroid disorder, Gestational risk, Depression, Liver fat","Control portion size, reduce sugar and oil; prefer high-fiber meals and daily walks.",Medium,Breakfast: Smoothie + Seeds | Lunch: Roti + Veg curry | Snack: Fruit | Dinner: Dal soup,"Low sugar, low oil, high-fiber meals. Include salads, fruits, and avoid junk food."
53,45-54,Male,Overweight,"Hypertension, Diabetes, Fatty liver, Anxiety, Joint pain","Control portion size, reduce sugar and oil; prefer high-fiber meals and daily walks.",Medium,Breakfast: Dalia + Fruit | Lunch: Roti + Veg | Snack: Nuts | Dinner: Light khichdi,"Low sugar, low oil, high-fiber meals. Include salads, fruits, and avoid junk food."
52,45-54,Male,Normal,"Good health, monitor BP and sugar regularly",Maintain balanced diet and regular exercise; ensure hydration and proper sleep.,Low,Breakfast: Oats + Milk | Lunch: Rice + Dal + Veg | Snack: Fruit | Dinner: Roti + Soup,"Balanced diet with fruits, vegetables, whole grains, and yoga/exercise 30 min daily."
42,35-44,Male,Underweight,"Anemia, Bone density loss, Fatigue, Stress",Increase calorie intake with protein & dairy; eat small meals often and do strength exercises.,Medium,Breakfast: Milk + Dry fruits | Lunch: Khichdi + Dal | Snack: Fruit shake | Dinner: Rice + Paneer curry,"High-calorie, high-protein diet (milk, eggs, nuts, paneer, whole grains). Eat every 3–4 hours."
36,35-44,Male,Normal,"Healthy, but rising risk of hypertension and liver fat",Maintain balanced diet and regular exercise; ensure hydration and proper sleep.,Low,Breakfast: Poha + Milk | Lunch: Roti + Dal + Veg | Snack: Fruit | Dinner: Khichdi + Curd,"Balanced diet with fruits, vegetables, whole grains, and yoga/exercise 30 min daily."
60,55-60,Male,Normal,"Healthy aging, maintain diet & walk",Maintain balanced diet and regular exercise; ensure hydration and proper sleep.,Low,Breakfast: Dalia + Milk | Lunch: Soft rice + Dal | Snack: Fruit | Dinner: Soup + Roti,"Balanced diet with fruits, vegetables, whole grains, and yoga/exercise 30 min daily."
42,35-44,Female,Underweight,"Osteopenia, Hormonal issues, Fatigue, Nutritional deficiency",Increase calorie intake with protein & dairy; eat small meals often and do strength exercises.,Medium,Breakfast: Idli + Coconut chutney | Lunch: Dal rice + Veg | Snack: Fruit smoothie | Dinner: Chapati + Paneer,"High-calorie, high-protein diet (milk, eggs, nuts, paneer, whole grains). Eat every 3–4 hours."
18,18-24,Male,Normal,"Healthy, possible stress or mild anxiety due to lifestyle",Maintain balanced diet and regular exercise; ensure hydration and proper sleep.,Low,Breakfast: Oats + Milk | Lunch: Roti + Veg + Dal | Snack: Fruit | Dinner: Rice + Dal + Salad,"Balanced diet with fruits, vegetables, whole grains, and yoga/exercise 30 min daily."
34,25-34,Male,Underweight,"Weak immunity, Muscle loss, Nutrient deficiency, Anxiety, Fatigue",Increase calorie intake with protein & dairy; eat small meals often and do strength exercises.,Medium,Breakfast: Paratha + Curd | Lunch: Dal rice + Paneer | Snack: Peanut butter toast | Dinner: Roti + Green vegi/Chicken/Fish + Veggies,"High-calorie, high-protein diet (milk, eggs, nuts, paneer, whole grains). Eat every 3–4 hours."
38,35-44,Male,Overweight,"Hypertension, Cholesterol, Fatty liver, Anxiety","Control portion size, reduce sugar and oil; prefer high-fiber meals and daily walks.",Medium,Breakfast: Oats + Milk | Lunch: Roti + Dal + Veg | Snack: Green tea | Dinner: Soup + Roti,"Low sugar, low oil, high-fiber meals. Include salads, fruits, and avoid junk food."
18,18-24,Female,Underweight,"Iron deficiency, Hormonal imbalance, Irregular periods, Anxiety, Hair loss",Increase calorie intake with protein & dairy; eat small meals often and do strength exercises.,Medium,Breakfast: Oats + Milk | Lunch: Rice + Dal + Paneer | Snack: Fruit | Dinner: Chapati + Veg + Paneer,"High-calorie, high-protein diet (milk, eggs, nuts, paneer, whole grains). Eat every 3–4 hours."
53,45-54,Male,Overweight,"Hypertension, Diabetes, Fatty liver, Anxiety, Joint pain","Control portion size, reduce sugar and oil; prefer high-fiber meals and daily walks.",Medium,Breakfast: Dalia + Fruit | Lunch: Roti + Veg | Snack: Nuts | Dinner: Light khichdi,"Low sugar, low oil, high-fiber meals. Include salads, fruits, and avoid junk food."
18,18-24,Male,Normal,"Healthy, possible stress or mild anxiety due to lifestyle",Maintain balanced diet and regular exercise; ensure hydration and proper sleep.,Low,Breakfast: Oats + Milk | Lunch: Roti + Veg + Dal | Snack: Fruit | Dinner: Rice + Dal + Salad,"Balanced diet with fruits, vegetables, whole grains, and yoga/exercise 30 min daily."
44,35-44,Male,Underweight,"Anemia, Bone density loss, Fatigue, Stress",Increase calorie intake with protein & dairy; eat small meals often and do strength exercises.,Medium,Breakfast: Milk + Dry fruits | Lunch: Khichdi + Dal | Snack: Fruit shake | Dinner: Rice + Paneer curry,"High-calorie, high-protein diet (milk, eggs, nuts, paneer, whole grains). Eat every 3–4 hours."
20,18-24,Male,Overweight,"Early hypertension, Fatty liver, Insulin resistance, Tension, Sleep disturbance","Control portion size, reduce sugar and oil; prefer high-fiber meals and daily walks.",Medium,Breakfast: Oats + Fruit | Lunch: Brown rice + Veg + Dal | Snack: Green tea + Nuts | Dinner: Soup + Chapati,"Low sugar, low oil, high-fiber meals. Include salads, fruits, and avoid junk food."
49,45-54,Male,Underweight,"Muscle loss, Nutrient deficiency, Stress",Increase calorie intake with protein & dairy; eat small meals often and do strength exercises.,Medium,Breakfast: Oats + Milk | Lunch: Dal + Rice + Veg | Snack: Fruit + Seeds | Dinner: Chapati + Paneer/Tofu,"High-calorie, high-protein diet (milk, eggs, nuts, paneer, whole grains). Eat every 3–4 hours."
43,35-44,Female,Obesity,"Diabetes, Hypertension, Breast cancer risk, Anxiety, Heart strain","Strictly avoid junk food, focus on low-calorie diet, consult doctor for weight management.",High,Breakfast: Dalia | Lunch: Brown rice + Veg | Snack: Fruit | Dinner: Soup,"Low-carb, low-fat diet. Avoid fried foods, sugary drinks, and eat small portions frequently."
23,18-24,Female,Normal,"Healthy, maintain fitness & hydration",Maintain balanced diet and regular exercise; ensure hydration and proper sleep.,Low,Breakfast: Oats + Fruit | Lunch: Rice + Veg curry | Snack: Nuts | Dinner: Chapati + Dal,"Balanced diet with fruits, vegetables, whole grains, and yoga/exercise 30 min daily."
53,45-54,Male,Obesity,"Cardiac disease, Stroke, Depression, Chronic fatigue","Strictly avoid junk food, focus on low-calorie diet, consult doctor for weight management.",High,Breakfast: Oats | Lunch: Roti + Veg | Snack: Seeds | Dinner: Soup + Salad,"Low-carb, low-fat diet. Avoid fried foods, sugary drinks, and eat small portions frequently."
48,45-54,Female,Overweight,"Thyroid, Diabetes, Joint stiffness, Anxiety","Control portion size, reduce sugar and oil; prefer high-fiber meals and daily walks.",Medium,Breakfast: Oats + Milk | Lunch: Roti + Dal | Snack: Seeds | Dinner: Light Veg soup,"Low sugar, low oil, high-fiber meals. Include salads, fruits, and avoid junk food."
44,35-44,Male,Obesity,"Diabetes, Sleep apnea, Cardiac disease, Liver cirrhosis, Depression","Strictly avoid junk food, focus on low-calorie diet, consult doctor for weight management.",High,Breakfast: Oats | Lunch: Brown rice + Veg | Snack: Nuts | Dinner: Soup + Salad,"Low-carb, low-fat diet. Avoid fried foods, sugary drinks, and eat small portions frequently."
23,18-24,Female,Normal,"Healthy, maintain fitness & hydration",Maintain balanced diet and regular exercise; ensure hydration and proper sleep.,Low,Breakfast: Oats + Fruit | Lunch: Rice + Veg curry | Snack: Nuts | Dinner: Chapati + Dal,"Balanced diet with fruits, vegetables, whole grains, and yoga/exercise 30 min daily."
32,25-34,Female,Underweight,"PCOD, Fatigue, Irregular cycles, Anemia, Anxiety",Increase calorie intake with protein & dairy; eat small meals often and do strength exercises.,Medium,Breakfast: Milk + Dry fruits | Lunch: Dal + Chapati + Salad | Snack: Yogurt + Nuts | Dinner: Khichdi + Ghee,"High-calorie, high-protein diet (milk, eggs, nuts, paneer, whole grains). Eat every 3–4 hours."
19,18-24,Male,Overweight,"Early hypertension, Fatty liver, Insulin resistance, Tension, Sleep disturbance","Control portion size, reduce sugar and oil; prefer high-fiber meals and daily walks.",Medium,Breakfast: Oats + Fruit | Lunch: Brown rice + Veg + Dal | Snack: Green tea + Nuts | Dinner: Soup + Chapati,"Low sugar, low oil, high-fiber meals. Include salads, fruits, and avoid junk food."
60,55-60,Female,Normal,"Healthy, maintain calcium & heart care",Maintain balanced diet and regular exercise; ensure hydration and proper sleep.,Low,Breakfast: Oats + Milk | Lunch: Rice + Veg dal | Snack: Boiled egg/Paneer | Dinner: Soup + Roti,"Balanced diet with fruits, vegetables, whole grains, and yoga/exercise 30 min daily."
38,35-44,Female,Obesity,"Diabetes, Hypertension, Breast cancer risk, Anxiety, Heart strain","Strictly avoid junk food, focus on low-calorie diet, consult doctor for weight management.",High,Breakfast: Dalia | Lunch: Brown rice + Veg | Snack: Fruit | Dinner: Soup,"Low-carb, low-fat diet. Avoid fried foods, sugary drinks, and eat small portions frequently."
36,35-44,Female,Underweight,"Osteopenia, Hormonal issues, Fatigue, Nutritional deficiency",Increase calorie intake with protein & dairy; eat small meals often and do strength exercises.,Medium,Breakfast: Idli + Coconut chutney | Lunch: Dal rice + Veg | Snack: Fruit smoothie | Dinner: Chapati + Paneer,"High-calorie, high-protein diet (milk, eggs, nuts, paneer, whole grains). Eat every 3–4 hours."
47,45-54,Male,Underweight,"Muscle loss, Nutrient deficiency, Stress",Increase calorie intake with protein & dairy; eat small meals often and do strength exercises.,Medium,Breakfast: Oats + Milk | Lunch: Dal + Rice + Veg | Snack: Fruit + Seeds | Dinner: Chapati + Paneer/Tofu,"High-calorie, high-protein diet (milk, eggs, nuts, paneer, whole grains). Eat every 3–4 hours."
50,45-54,Male,Overweight,"Hypertension, Diabetes, Fatty liver, Anxiety, Joint pain","Control portion size, reduce sugar and oil; prefer high-fiber meals and daily walks.",Medium,Breakfast: Dalia + Fruit | Lunch: Roti + Veg | Snack: Nuts | Dinner: Light khichdi,"Low sugar, low oil, high-fiber meals. Include salads, fruits, and avoid junk food."
57,55-60,Female,Underweight,"Osteoporosis, Menopause fatigue, Weak immunity",Increase calorie intake with protein & dairy; eat small meals often and do strength exercises.,Medium,Breakfast: Oats + Milk | Lunch: Rice + Dal | Snack: Boiled egg/Paneer | Dinner: Soft khichdi,"High-calorie, high-protein diet (milk, eggs, nuts, paneer, whole grains). Eat every 3–4 hours."
21,18-24,Female,Overweight,"PCOS, Thyroid imbalance, Insulin resistance, Mental tension","Control portion size, reduce sugar and oil; prefer high-fiber meals and daily walks.",Medium,Breakfast: Oats + Fruit | Lunch: Brown rice + Veg | Snack: Nuts | Dinner: Soup + Roti,"Low sugar, low oil, high-fiber meals. Include salads, fruits, and avoid junk food."
55,55-60,Male,Underweight,"Frailty, Low bone density, Weak immunity",Increase calorie intake with protein & dairy; eat small meals often and do strength exercises.,Medium,Breakfast: Soft dalia + Milk | Lunch: Khichdi + Curd | Snack: Banana | Dinner: Soup + Soft roti + Paneer,"High-calorie, high-protein diet (milk, eggs, nuts, paneer, whole grains). Eat every 3–4 hours."
29,25-34,Male,Overweight,"High BP, Early diabetes, Fatty liver, Gastric issues, Mental tension","Control portion size, reduce sugar and oil; prefer high-fiber meals and daily walks.",Medium,Breakfast: Poha + Tea | Lunch: Roti + Veg curry | Snack: Fruit | Dinner: Khichdi + Salad,"Low sugar, low oil, high-fiber meals. Include salads, fruits, and avoid junk food."
35,35-44,Female,Obesity,"Diabetes, Hypertension, Breast cancer risk, Anxiety, Heart strain","Strictly avoid junk food, focus on low-calorie diet, consult doctor for weight management.",High,Breakfast: Dalia | Lunch: Brown rice + Veg | Snack: Fruit | Dinner: Soup,"Low-carb, low-fat diet. Avoid fried foods, sugary drinks, and eat small portions frequently."
18,18-24,Male,Normal,"Healthy, possible stress or mild anxiety due to lifestyle",Maintain balanced diet and regular exercise; ensure hydration and proper sleep.,Low,Breakfast: Oats + Milk | Lunch: Roti + Veg + Dal | Snack: Fruit | Dinner: Rice + Dal + Salad,"Balanced diet with fruits, vegetables, whole grains, and yoga/exercise 30 min daily."
58,55-60,Male,Obesity,"Heart failure, Stroke, Chronic diabetes, Anxiety, Arthritis","Strictly avoid junk food, focus on low-calorie diet, consult doctor for weight management.",High,Breakfast: Porridge | Lunch: Dal + Veg | Snack: Fruit | Dinner: Soup,"Low-carb, low-fat diet. Avoid fried foods, sugary drinks, and eat small portions frequently."
28,25-34,Female,Overweight,"PCOS, Thyroid disorder, Gestational risk, Depression, Liver fat","Control portion size, reduce sugar and oil; prefer high-fiber meals and daily walks.",Medium,Breakfast: Smoothie + Seeds | Lunch: Roti + Veg curry | Snack: Fruit | Dinner: Dal soup,"Low sugar, low oil, high-fiber meals. Include salads, fruits, and avoid junk food."
53,45-54,Female,Underweight,"Osteoporosis, Hormone imbalance, Stress",Increase calorie intake with protein & dairy; eat small meals often and do strength exercises.,Medium,Breakfast: Poha + Milk | Lunch: Khichdi + Dal | Snack: Banana | Dinner: Soup + Roti,"High-calorie, high-protein diet (milk, eggs, nuts, paneer, whole grains). Eat every 3–4 hours."
26,25-34,Female,Obesity,"PCOS, Infertility, Type 2 Diabetes, Hypertension, Anxiety","Strictly avoid junk food, focus on low-calorie diet, consult doctor for weight management.",High,Breakfast: Oats | Lunch: Roti + Veg | Snack: Green tea | Dinner: Soup + Salad,"Low-carb, low-fat diet. Avoid fried foods, sugary drinks, and eat small portions frequently."
35,35-44,Female,Overweight,"Thyroid issues, PCOS, Joint pain, Hypertension","Control portion size, reduce sugar and oil; prefer high-fiber meals and daily walks.",Medium,Breakfast: Poha + Tea | Lunch: Rice + Veg | Snack: Salad | Dinner: Soup + Khichdi,"Low sugar, low oil, high-fiber meals. Include salads, fruits, and avoid junk food."
54,45-54,Male,Normal,"Good health, monitor BP and sugar regularly",Maintain balanced diet and regular exercise; ensure hydration and proper sleep.,Low,Breakfast: Oats + Milk | Lunch: Rice + Dal + Veg | Snack: Fruit | Dinner: Roti + Soup,"Balanced diet with fruits, vegetables, whole grains, and yoga/exercise 30 min daily."
44,35-44,Female,Normal,"Healthy, but screen for thyroid/menstrual health",Maintain balanced diet and regular exercise; ensure hydration and proper sleep.,Low,Breakfast: Dosa + Milk | Lunch: Roti + Dal + Veg | Snack: Fruit | Dinner: Soup + Chapati,"Balanced diet with fruits, vegetables, whole grains, and yoga/exercise 30 min daily."
55,55-60,Female,Normal,"Healthy, maintain calcium & heart care",Maintain balanced diet and regular exercise; ensure hydration and proper sleep.,Low,Breakfast: Oats + Milk | Lunch: Rice + Veg dal | Snack: Boiled egg/Paneer | Dinner: Soup + Roti,"Balanced diet with fruits, vegetables, whole grains, and yoga/exercise 30 min daily."
39,35-44,Male,Obesity,"Diabetes, Sleep apnea, Cardiac disease, Liver cirrhosis, Depression","Strictly avoid junk food, focus on low-calorie diet, consult doctor for weight management.",High,Breakfast: Oats | Lunch: Brown rice + Veg | Snack: Nuts | Dinner: Soup + Salad,"Low-carb, low-fat diet. Avoid fried foods, sugary drinks, and eat small portions frequently."
41,35-44,Male,Obesity,"Diabetes, Sleep apnea, Cardiac disease, Liver cirrhosis, Depression","Strictly avoid junk food, focus on low-calorie diet, consult doctor for weight management.",High,Breakfast: Oats | Lunch: Brown rice + Veg | Snack: Nuts | Dinner: Soup + Salad,"Low-carb, low-fat diet. Avoid fried foods, sugary drinks, and eat small portions frequently."
47,45-54,Female,Overweight,"Thyroid, Diabetes, Joint stiffness, Anxiety","Control portion size, reduce sugar and oil; prefer high-fiber meals and daily walks.",Medium,Breakfast: Oats + Milk | Lunch: Roti + Dal | Snack: Seeds | Dinner: Light Veg soup,"Low sugar, low oil, high-fiber meals. Include salads, fruits, and avoid junk food."
59,55-60,Male,Normal,"Healthy aging, maintain diet & walk",Maintain balanced diet and regular exercise; ensure hydration and proper sleep.,Low,Breakfast: Dalia + Milk | Lunch: Soft rice + Dal | Snack: Fruit | Dinner: Soup + Roti,"Balanced diet with fruits, vegetables, whole grains, and yoga/exercise 30 min daily."
19,18-24,Male,Obesity,"Type 2 Diabetes, Sleep apnea, Heart strain, Liver disease, Depression","Strictly avoid junk food, focus on low-calorie diet, consult doctor for weight management.",High,Breakfast: Oats + Green tea | Lunch: Brown rice + Dal + Veg | Snack: Fruit | Dinner: Soup + Salad,"Low-carb, low-fat diet. Avoid fried foods, sugary drinks, and eat small portions frequently."
27,25-34,Male,Normal,"Healthy, mild stress or work pressure possible",Maintain balanced diet and regular exercise; ensure hydration and proper sleep.,Low,Breakfast: Brown bread + Eggs | Lunch: Roti + Chicken + Veg | Snack: Nuts | Dinner: Soup + Chapati,"Balanced diet with fruits, vegetables, whole grains, and yoga/exercise 30 min daily."
57,55-60,Male,Obesity,"Heart failure, Stroke, Chronic diabetes, Anxiety, Arthritis","Strictly avoid junk food, focus on low-calorie diet, consult doctor for weight management.",High,Breakfast: Porridge | Lunch: Dal + Veg | Snack: Fruit | Dinner: Soup,"Low-carb, low-fat diet. Avoid fried foods, sugary drinks, and eat small portions frequently."
57,55-60,Female,Overweight,"BP, Diabetes, Joint pain, Anxiety","Control portion size, reduce sugar and oil; prefer high-fiber meals and daily walks.",Medium,Breakfast: Dalia | Lunch: Soft rice + Dal | Snack: Fruit | Dinner: Soup,"Low sugar, low oil, high-fiber meals. Include salads, fruits, and avoid junk food."
60,55-60,Male,Underweight,"Frailty, Low bone density, Weak immunity",Increase calorie intake with protein & dairy; eat small meals often and do strength exercises.,Medium,Breakfast: Soft dalia + Milk | Lunch: Khichdi + Curd | Snack: Banana | Dinner: Soup + Soft roti + Paneer,"High-calorie, high-protein diet (milk, eggs, nuts, paneer, whole grains). Eat every 3–4 hours."
31,25-34,Male,Obesity,"Heart disease, Sleep apnea, Liver problems, Anxiety, Depression","Strictly avoid junk food, focus on low-calorie diet, consult doctor for weight management.",High,Breakfast: Dalia + Fruit | Lunch: Roti + Veg | Snack: Green tea | Dinner: Soup + Salad,"Low-carb, low-fat diet. Avoid fried foods, sugary drinks, and eat small portions frequently."
42,35-44,Male,Overweight,"Hypertension, Cholesterol, Fatty liver, Anxiety","Control portion size, reduce sugar and oil; prefer high-fiber meals and daily walks.",Medium,Breakfast: Oats + Milk | Lunch: Roti + Dal + Veg | Snack: Green tea | Dinner: Soup + Roti,"Low sugar, low oil, high-fiber meals. Include salads, fruits, and avoid junk food."
31,25-34,Female,Underweight,"PCOD, Fatigue, Irregular cycles, Anemia, Anxiety",Increase calorie intake with protein & dairy; eat small meals often and do strength exercises.,Medium,Breakfast: Milk + Dry fruits | Lunch: Dal + Chapati + Salad | Snack: Yogurt + Nuts | Dinner: Khichdi + Ghee,"High-calorie, high-protein diet (milk, eggs, nuts, paneer, whole grains). Eat every 3–4 hours."
32,25-34,Female,Overweight,"PCOS, Thyroid disorder, Gestational risk, Depression, Liver fat","Control portion size, reduce sugar and oil; prefer high-fiber meals and daily walks.",Medium,Breakfast: Smoothie + Seeds | Lunch: Roti + Veg curry | Snack: Fruit | Dinner: Dal soup,"Low sugar, low oil, high-fiber meals. Include salads, fruits, and avoid junk food."
26,25-34,Female,Normal,"Healthy, maintain balanced diet, mild stress risk",Maintain balanced diet and regular exercise; ensure hydration and proper sleep.,Low,Breakfast: Poha + Milk | Lunch: Roti + Veg + Salad | Snack: Yogurt | Dinner: Khichdi + Curd,"Balanced diet with fruits, vegetables, whole grains, and yoga/exercise 30 min daily."
52,45-54,Female,Obesity,"Hypertension, Type 2 Diabetes, Heart issues, Depression, Liver problems","Strictly avoid junk food, focus on low-calorie diet, consult doctor for weight management.",High,Breakfast: Oats | Lunch: Roti + Dal  | Snack: Seeds | Dinner: Soup,"Low-carb, low-fat diet. Avoid fried foods, sugary drinks, and eat small portions frequently."
42,35-44,Male,Normal,"Healthy, but rising risk of hypertension and liver fat",Maintain balanced diet and regular exercise; ensure hydration and proper sleep.,Low,Breakfast: Poha + Milk | Lunch: Roti + Dal + Veg | Snack: Fruit | Dinner: Khichdi + Curd,"Balanced diet with fruits, vegetables, whole grains, and yoga/exercise 30 min daily."
33,25-34,Male,Obesity,"Heart disease, Sleep apnea, Liver problems, Anxiety, Depression","Strictly avoid junk food, focus on low-calorie diet, consult doctor for weight management.",High,Breakfast: Dalia + Fruit | Lunch: Roti + Veg | Snack: Green tea | Dinner: Soup + Salad,"Low-carb, low-fat diet. Avoid fried foods, sugary drinks, and eat small portions frequently."
28,25-34,Male,Overweight,"High BP, Early diabetes, Fatty liver, Gastric issues, Mental tension","Control portion size, reduce sugar and oil; prefer high-fiber meals and daily walks.",Medium,Breakfast: Poha + Tea | Lunch: Roti + Veg curry | Snack: Fruit | Dinner: Khichdi + Salad,"Low sugar, low oil, high-fiber meals. Include salads, fruits, and avoid junk food."
22,18-24,Female,Underweight,"Iron deficiency, Hormonal imbalance, Irregular periods, Anxiety, Hair loss",Increase calorie intake with protein & dairy; eat small meals often and do strength exercises.,Medium,Breakfast: Oats + Milk | Lunch: Rice + Dal + Paneer | Snack: Fruit | Dinner: Chapati + Veg + Paneer,"High-calorie, high-protein diet (milk, eggs, nuts, paneer, whole grains). Eat every 3–4 hours."
35,35-44,Male,Overweight,"Hypertension, Cholesterol, Fatty liver, Anxiety","Control portion size, reduce sugar and oil; prefer high-fiber meals and daily walks.",Medium,Breakfast: Oats + Milk | Lunch: Roti + Dal + Veg | Snack: Green tea | Dinner: Soup + Roti,"Low sugar, low oil, high-fiber meals. Include salads, fruits, and avoid junk food."
43,35-44,Male,Obesity,"Diabetes, Sleep apnea, Cardiac disease, Liver cirrhosis, Depression","Strictly avoid junk food, focus on low-calorie diet, consult doctor for weight management.",High,Breakfast: Oats | Lunch: Brown rice + Veg | Snack: Nuts | Dinner: Soup + Salad,"Low-carb, low-fat diet. Avoid fried foods, sugary drinks, and eat small portions frequently."
50,45-54,Male,Overweight,"Hypertension, Diabetes, Fatty liver, Anxiety, Joint pain","Control portion size, reduce sugar and oil; prefer high-fiber meals and daily walks.",Medium,Breakfast: Dalia + Fruit | Lunch: Roti + Veg | Snack: Nuts | Dinner: Light khichdi,"Low sugar, low oil, high-fiber meals. Include salads, fruits, and avoid junk food."
34,25-34,Female,Normal,"Healthy, maintain balanced diet, mild stress risk",Maintain balanced diet and regular exercise; ensure hydration and proper sleep.,Low,Breakfast: Poha + Milk | Lunch: Roti + Veg + Salad | Snack: Yogurt | Dinner: Khichdi + Curd,"Balanced diet with fruits, vegetables, whole grains, and yoga/exercise 30 min daily."
51,45-54,Male,Normal,"Good health, monitor BP and sugar regularly",Maintain balanced diet and regular exercise; ensure hydration and proper sleep.,Low,Breakfast: Oats + Milk | Lunch: Rice + Dal + Veg | Snack: Fruit | Dinner: Roti + Soup,"Balanced diet with fruits, vegetables, whole grains, and yoga/exercise 30 min daily."
28,25-34,Male,Overweight,"High BP, Early diabetes, Fatty liver, Gastric issues, Mental tension","Control portion size, reduce sugar and oil; prefer high-fiber meals and daily walks.",Medium,Breakfast: Poha + Tea | Lunch: Roti + Veg curry | Snack: Fruit | Dinner: Khichdi + Salad,"Low sugar, low oil, high-fiber meals. Include salads, fruits, and avoid junk food."
47,45-54,Female,Overweight,"Thyroid, Diabetes, Joint stiffness, Anxiety","Control portion size, reduce sugar and oil; prefer high-fiber meals and daily walks.",Medium,Breakfast: Oats + Milk | Lunch: Roti + Dal | Snack: Seeds | Dinner: Light Veg soup,"Low sugar, low oil, high-fiber meals. Include salads, fruits, and avoid junk food."
19,18-24,Female,Overweight,"PCOS, Thyroid imbalance, Insulin resistance, Mental tension","Control portion size, reduce sugar and oil; prefer high-fiber meals and daily walks.",Medium,Breakfast: Oats + Fruit | Lunch: Brown rice + Veg | Snack: Nuts | Dinner: Soup + Roti,"Low sugar, low oil, high-fiber meals. Include salads, fruits, and avoid junk food."
33,25-34,Female,Overweight,"PCOS, Thyroid disorder, Gestational risk, Depression, Liver fat","Control portion size, reduce sugar and oil; prefer high-fiber meals and daily walks.",Medium,Breakfast: Smoothie + Seeds | Lunch: Roti + Veg curry | Snack: Fruit | Dinner: Dal soup,"Low sugar, low oil, high-fiber meals. Include salads, fruits, and avoid junk food."
44,35-44,Male,Underweight,"Anemia, Bone density loss, Fatigue, Stress",Increase calorie intake with protein & dairy; eat small meals often and do strength exercises.,Medium,Breakfast: Milk + Dry fruits | Lunch: Khichdi + Dal | Snack: Fruit shake | Dinner: Rice + Paneer curry,"High-calorie, high-protein diet (milk, eggs, nuts, paneer, whole grains). Eat every 3–4 hours."
60,55-60,Female,Obesity,"Heart disease, Arthritis, Stroke risk, Depression","Strictly avoid junk food, focus on low-calorie diet, consult doctor for weight management.",High,Breakfast: Porridge | Lunch: Soft rice + Veg | Snack: Fruit | Dinner: Soup,"Low-carb, low-fat diet. Avoid fried foods, sugary drinks, and eat small portions frequently."
43,35-44,Male,Normal,"Healthy, but rising risk of hypertension and liver fat",Maintain balanced diet and regular exercise; ensure hydration and proper sleep.,Low,Breakfast: Poha + Milk | Lunch: Roti + Dal + Veg | Snack: Fruit | Dinner: Khichdi + Curd,"Balanced diet with fruits, vegetables, whole grains, and yoga/exercise 30 min daily."
27,25-34,Male,Normal,"Healthy, mild stress or work pressure possible",Maintain balanced diet and regular exercise; ensure hydration and proper sleep.,Low,Breakfast: Brown bread + Eggs | Lunch: Roti + Chicken + Veg | Snack: Nuts | Dinner: Soup + Chapati,"Balanced diet with fruits, vegetables, whole grains, and yoga/exercise 30 min daily."
18,18-24,Female,Overweight,"PCOS, Thyroid imbalance, Insulin resistance, Mental tension","Control portion size, reduce sugar and oil; prefer high-fiber meals and daily walks.",Medium,Breakfast: Oats + Fruit | Lunch: Brown rice + Veg | Snack: Nuts | Dinner: Soup + Roti,"Low sugar, low oil, high-fiber meals. Include salads, fruits, and avoid junk food."
31,25-34,Male,Normal,"Healthy, mild stress or work pressure possible",Maintain balanced diet and regular exercise; ensure hydration and proper sleep.,Low,Breakfast: Brown bread + Eggs | Lunch: Roti + Chicken + Veg | Snack: Nuts | Dinner: Soup + Chapati,"Balanced diet with fruits, vegetables, whole grains, and yoga/exercise 30 min daily."
58,55-60,Male,Underweight,"Frailty, Low bone density, Weak immunity",Increase calorie intake with protein & dairy; eat small meals often and do strength exercises.,Medium,Breakfast: Soft dalia + Milk | Lunch: Khichdi + Curd | Snack: Banana | Dinner: Soup + Soft roti + Paneer,"High-calorie, high-protein diet (milk, eggs, nuts, paneer, whole grains). Eat every 3–4 hours."
38,35-44,Female,Obesity,"Diabetes, Hypertension, Breast cancer risk, Anxiety, Heart strain","Strictly avoid junk food, focus on low-calorie diet, consult doctor for weight management.",High,Breakfast: Dalia | Lunch: Brown rice + Veg | Snack: Fruit | Dinner: Soup,"Low-carb, low-fat diet. Avoid fried foods, sugary drinks, and eat small portions frequently."
50,45-54,Female,Underweight,"Osteoporosis, Hormone imbalance, Stress",Increase calorie intake with protein & dairy; eat small meals often and do strength exercises.,Medium,Breakfast: Poha + Milk | Lunch: Khichdi + Dal | Snack: Banana | Dinner: Soup + Roti,"High-calorie, high-protein diet (milk, eggs, nuts, paneer, whole grains). Eat every 3–4 hours."
30,25-34,Female,Overweight,"PCOS, Thyroid disorder, Gestational risk, Depression, Liver fat","Control portion size, reduce sugar and oil; prefer high-fiber meals and daily walks.",Medium,Breakfast: Smoothie + Seeds | Lunch: Roti + Veg curry | Snack: Fruit | Dinner: Dal soup,"Low sugar, low oil, high-fiber meals. Include salads, fruits, and avoid junk food."
30,25-34,Female,Obesity,"PCOS, Infertility, Type 2 Diabetes, Hypertension, Anxiety","Strictly avoid junk food, focus on low-calorie diet, consult doctor for weight management.",High,Breakfast: Oats | Lunch: Roti + Veg | Snack: Green tea | Dinner: Soup + Salad,"Low-carb, low-fat diet. Avoid fried foods, sugary drinks, and eat small portions frequently."
21,18-24,Male,Overweight,"Early hypertension, Fatty liver, Insulin resistance, Tension, Sleep disturbance","Control portion size, reduce sugar and oil; prefer high-fiber meals and daily walks.",Medium,Breakfast: Oats + Fruit | Lunch: Brown rice + Veg + Dal | Snack: Green tea + Nuts | Dinner: Soup + Chapati,"Low sugar, low oil, high-fiber meals. Include salads, fruits, and avoid junk food."
36,35-44,Female,Normal,"Healthy, but screen for thyroid/menstrual health",Maintain balanced diet and regular exercise; ensure hydration and proper sleep.,Low,Breakfast: Dosa + Milk | Lunch: Roti + Dal + Veg | Snack: Fruit | Dinner: Soup + Chapati,"Balanced diet with fruits, vegetables, whole grains, and yoga/exercise 30 min daily."
27,25-34,Male,Overweight,"High BP, Early diabetes, Fatty liver, Gastric issues, Mental tension","Control portion size, reduce sugar and oil; prefer high-fiber meals and daily walks.",Medium,Breakfast: Poha + Tea | Lunch: Roti + Veg curry | Snack: Fruit | Dinner: Khichdi + Salad,"Low sugar, low oil, high-fiber meals. Include salads, fruits, and avoid junk food."
24,18-24,Male,Underweight,"Anemia, Vitamin deficiency, Low muscle mass, Fatigue, Anxiety, Weak immunity",Increase calorie intake with protein & dairy; eat small meals often and do strength exercises.,Medium,"Breakfast: Milk + Banana + Boiled eggs | Lunch: Paneer, Rice, Dal | Snack: Nuts, Smoothie | Dinner: Chapati + Chicken/Paneer curry","High-calorie, high-protein diet (milk, eggs, nuts, paneer, whole grains). Eat every 3–4 hours."
29,25-34,Male,Underweight,"Weak immunity, Muscle loss, Nutrient deficiency, Anxiety, Fatigue",Increase calorie intake with protein & dairy; eat small meals often and do strength exercises.,Medium,Breakfast: Paratha + Curd | Lunch: Dal rice + Paneer | Snack: Peanut butter toast | Dinner: Roti + Green vegi/Chicken/Fish + Veggies,"High-calorie, high-protein diet (milk, eggs, nuts, paneer, whole grains). Eat every 3–4 hours."
43,35-44,Female,Normal,"Healthy, but screen for thyroid/menstrual health",Maintain balanced diet and regular exercise; ensure hydration and proper sleep.,Low,Breakfast: Dosa + Milk | Lunch: Roti + Dal + Veg | Snack: Fruit | Dinner: Soup + Chapati,"Balanced diet with fruits, vegetables, whole grains, and yoga/exercise 30 min daily."
43,35-44,Female,Underweight,"Osteopenia, Hormonal issues, Fatigue, Nutritional deficiency",Increase calorie intake with protein & dairy; eat small meals often and do strength exercises.,Medium,Breakfast: Idli + Coconut chutney | Lunch: Dal rice + Veg | Snack: Fruit smoothie | Dinner: Chapati + Paneer,"High-calorie, high-protein diet (milk, eggs, nuts, paneer, whole grains). Eat every 3–4 hours."
58,55-60,Male,Underweight,"Frailty, Low bone density, Weak immunity",Increase calorie intake with protein & dairy; eat small meals often and do strength exercises.,Medium,Breakfast: Soft dalia + Milk | Lunch: Khichdi + Curd | Snack: Banana | Dinner: Soup + Soft roti + Paneer,"High-calorie, high-protein diet (milk, eggs, nuts, paneer, whole grains). Eat every 3–4 hours."
56,55-60,Female,Normal,"Healthy, maintain calcium & heart care",Maintain balanced diet and regular exercise; ensure hydration and proper sleep.,Low,Breakfast: Oats + Milk | Lunch: Rice + Veg dal | Snack: Boiled egg/Paneer | Dinner: Soup + Roti,"Balanced diet with fruits, vegetables, whole grains, and yoga/exercise 30 min daily."
51,45-54,Male,Underweight,"Muscle loss, Nutrient deficiency, Stress",Increase calorie intake with protein & dairy; eat small meals often and do strength exercises.,Medium,Breakfast: Oats + Milk | Lunch: Dal + Rice + Veg | Snack: Fruit + Seeds | Dinner: Chapati + Paneer/Tofu,"High-calorie, high-protein diet (milk, eggs, nuts, paneer, whole grains). Eat every 3–4 hours."
48,45-54,Male,Obesity,"Cardiac disease, Stroke, Depression, Chronic fatigue","Strictly avoid junk food, focus on low-calorie diet, consult doctor for weight management.",High,Breakfast: Oats | Lunch: Roti + Veg | Snack: Seeds | Dinner: Soup + Salad,"Low-carb, low-fat diet. Avoid fried foods, sugary drinks, and eat small portions frequently."
56,55-60,Male,Overweight,"High BP, Diabetes, Cardiac strain, Liver issues","Control portion size, reduce sugar and oil; prefer high-fiber meals and daily walks.",Medium,Breakfast: Soft oats | Lunch: Dal + Veg | Snack: Fruit | Dinner: Soup + Roti,"Low sugar, low oil, high-fiber meals. Include salads, fruits, and avoid junk food."
43,35-44,Female,Underweight,"Osteopenia, Hormonal issues, Fatigue, Nutritional deficiency",Increase calorie intake with protein & dairy; eat small meals often and do strength exercises.,Medium,Breakfast: Idli + Coconut chutney | Lunch: Dal rice + Veg | Snack: Fruit smoothie | Dinner: Chapati + Paneer,"High-calorie, high-protein diet (milk, eggs, nuts, paneer, whole grains). Eat every 3–4 hours."
39,35-44,Male,Underweight,"Anemia, Bone density loss, Fatigue, Stress",Increase calorie intake with protein & dairy; eat small meals often and do strength exercises.,Medium,Breakfast: Milk + Dry fruits | Lunch: Khichdi + Dal | Snack: Fruit shake | Dinner: Rice + Paneer curry,"High-calorie, high-protein diet (milk, eggs, nuts, paneer, whole grains). Eat every 3–4 hours."
19,18-24,Male,Overweight,"Early hypertension, Fatty liver, Insulin resistance, Tension, Sleep disturbance","Control portion size, reduce sugar and oil; prefer high-fiber meals and daily walks.",Medium,Breakfast: Oats + Fruit | Lunch: Brown rice + Veg + Dal | Snack: Green tea + Nuts | Dinner: Soup + Chapati,"Low sugar, low oil, high-fiber meals. Include salads, fruits, and avoid junk food."
56,55-60,Female,Underweight,"Osteoporosis, Menopause fatigue, Weak immunity",Increase calorie intake with protein & dairy; eat small meals often and do strength exercises.,Medium,Breakfast: Oats + Milk | Lunch: Rice + Dal | Snack: Boiled egg/Paneer | Dinner: Soft khichdi,"High-calorie, high-protein diet (milk, eggs, nuts, paneer, whole grains). Eat every 3–4 hours."
56,55-60,Male,Obesity,"Heart failure, Stroke, Chronic diabetes, Anxiety, Arthritis","Strictly avoid junk food, focus on low-calorie diet, consult doctor for weight management.",High,Breakfast: Porridge | Lunch: Dal + Veg | Snack: Fruit | Dinner: Soup,"Low-carb, low-fat diet. Avoid fried foods, sugary drinks, and eat small portions frequently."
60,55-60,Female,Underweight,"Osteoporosis, Menopause fatigue, Weak immunity",Increase calorie intake with protein & dairy; eat small meals often and do strength exercises.,Medium,Breakfast: Oats + Milk | Lunch: Rice + Dal | Snack: Boiled egg/Paneer | Dinner: Soft khichdi,"High-calorie, high-protein diet (milk, eggs, nuts, paneer, whole grains). Eat every 3–4 hours."
60,55-60,Female,Normal,"Healthy, maintain calcium & heart care",Maintain balanced diet and regular exercise; ensure hydration and proper sleep.,Low,Breakfast: Oats + Milk | Lunch: Rice + Veg dal | Snack: Boiled egg/Paneer | Dinner: Soup + Roti,"Balanced diet with fruits, vegetables, whole grains, and yoga/exercise 30 min daily."
21,18-24,Female,Obesity,"PCOS/PCOD, Type 2 Diabetes, Fertility issues, Depression","Strictly avoid junk food, focus on low-calorie diet, consult doctor for weight management.",High,Breakfast: Smoothie + Seeds | Lunch: Brown rice + Dal + Veg | Snack: Fruit | Dinner: Soup,"Low-carb, low-fat diet. Avoid fried foods, sugary drinks, and eat small portions frequently."
49,45-54,Male,Overweight,"Hypertension, Diabetes, Fatty liver, Anxiety, Joint pain","Control portion size, reduce sugar and oil; prefer high-fiber meals and daily walks.",Medium,Breakfast: Dalia + Fruit | Lunch: Roti + Veg | Snack: Nuts | Dinner: Light khichdi,"Low sugar, low oil, high-fiber meals. Include salads, fruits, and avoid junk food."
37,35-44,Male,Underweight,"Anemia, Bone density loss, Fatigue, Stress",Increase calorie intake with protein & dairy; eat small meals often and do strength exercises.,Medium,Breakfast: Milk + Dry fruits | Lunch: Khichdi + Dal | Snack: Fruit shake | Dinner: Rice + Paneer curry,"High-calorie, high-protein diet (milk, eggs, nuts, paneer, whole grains). Eat every 3–4 hours."
35,35-44,Female,Normal,"Healthy, but screen for thyroid/menstrual health",Maintain balanced diet and regular exercise; ensure hydration and proper sleep.,Low,Breakfast: Dosa + Milk | Lunch: Roti + Dal + Veg | Snack: Fruit | Dinner: Soup + Chapati,"Balanced diet with fruits, vegetables, whole grains, and yoga/exercise 30 min daily."
24,18-24,Male,Overweight,"Early hypertension, Fatty liver, Insulin resistance, Tension, Sleep disturbance","Control portion size, reduce sugar and oil; prefer high-fiber meals and daily walks.",Medium,Breakfast: Oats + Fruit | Lunch: Brown rice + Veg + Dal | Snack: Green tea + Nuts | Dinner: Soup + Chapati,"Low sugar, low oil, high-fiber meals. Include salads, fruits, and avoid junk food."
59,55-60,Male,Overweight,"High BP, Diabetes, Cardiac strain, Liver issues","Control portion size, reduce sugar and oil; prefer high-fiber meals and daily walks.",Medium,Breakfast: Soft oats | Lunch: Dal + Veg | Snack: Fruit | Dinner: Soup + Roti,"Low sugar, low oil, high-fiber meals. Include salads, fruits, and avoid junk food."
40,35-44,Female,Normal,"Healthy, but screen for thyroid/menstrual health",Maintain balanced diet and regular exercise; ensure hydration and proper sleep.,Low,Breakfast: Dosa + Milk | Lunch: Roti + Dal + Veg | Snack: Fruit | Dinner: Soup + Chapati,"Balanced diet with fruits, vegetables, whole grains, and yoga/exercise 30 min daily."
18,18-24,Female,Normal,"Healthy, maintain fitness & hydration",Maintain balanced diet and regular exercise; ensure hydration and proper sleep.,Low,Breakfast: Oats + Fruit | Lunch: Rice + Veg curry | Snack: Nuts | Dinner: Chapati + Dal,"Balanced diet with fruits, vegetables, whole grains, and yoga/exercise 30 min daily."
50,45-54,Female,Underweight,"Osteoporosis, Hormone imbalance, Stress",Increase calorie intake with protein & dairy; eat small meals often and do strength exercises.,Medium,Breakfast: Poha + Milk | Lunch: Khichdi + Dal | Snack: Banana | Dinner: Soup + Roti,"High-calorie, high-protein diet (milk, eggs, nuts, paneer, whole grains). Eat every 3–4 hours."
33,25-34,Male,Overweight,"High BP, Early diabetes, Fatty liver, Gastric issues, Mental tension","Control portion size, reduce sugar and oil; prefer high-fiber meals and daily walks.",Medium,Breakfast: Poha + Tea | Lunch: Roti + Veg curry | Snack: Fruit | Dinner: Khichdi + Salad,"Low sugar, low oil, high-fiber meals. Include salads, fruits, and avoid junk food."
37,35-44,Female,Underweight,"Osteopenia, Hormonal issues, Fatigue, Nutritional deficiency",Increase calorie intake with protein & dairy; eat small meals often and do strength exercises.,Medium,Breakfast: Idli + Coconut chutney | Lunch: Dal rice + Veg | Snack: Fruit smoothie | Dinner: Chapati + Paneer,"High-calorie, high-protein diet (milk, eggs, nuts, paneer, whole grains). Eat every 3–4 hours."
41,35-44,Male,Obesity,"Diabetes, Sleep apnea, Cardiac disease, Liver cirrhosis, Depression","Strictly avoid junk food, focus on low-calorie diet, consult doctor for weight management.",High,Breakfast: Oats | Lunch: Brown rice + Veg | Snack: Nuts | Dinner: Soup + Salad,"Low-carb, low-fat diet. Avoid fried foods, sugary drinks, and eat small portions frequently."
52,45-54,Female,Obesity,"Hypertension, Type 2 Diabetes, Heart issues, Depression, Liver problems","Strictly avoid junk food, focus on low-calorie diet, consult doctor for weight management.",High,Breakfast: Oats | Lunch: Roti + Dal  | Snack: Seeds | Dinner: Soup,"Low-carb, low-fat diet. Avoid fried foods, sugary drinks, and eat small portions frequently."
57,55-60,Male,Normal,"Healthy aging, maintain diet & walk",Maintain balanced diet and regular exercise; ensure hydration and proper sleep.,Low,Breakfast: Dalia + Milk | Lunch: Soft rice + Dal | Snack: Fruit | Dinner: Soup + Roti,"Balanced diet with fruits, vegetables, whole grains, and yoga/exercise 30 min daily."
46,45-54,Male,Overweight,"Hypertension, Diabetes, Fatty liver, Anxiety, Joint pain","Control portion size, reduce sugar and oil; prefer high-fiber meals and daily walks.",Medium,Breakfast: Dalia + Fruit | Lunch: Roti + Veg | Snack: Nuts | Dinner: Light khichdi,"Low sugar, low oil, high-fiber meals. Include salads, fruits, and avoid junk food."
51,45-54,Female,Obesity,"Hypertension, Type 2 Diabetes, Heart issues, Depression, Liver problems","Strictly avoid junk food, focus on low-calorie diet, consult doctor for weight management.",High,Breakfast: Oats | Lunch: Roti + Dal  | Snack: Seeds | Dinner: Soup,"Low-carb, low-fat diet. Avoid fried foods, sugary drinks, and eat small portions frequently."
19,18-24,Male,Obesity,"Type 2 Diabetes, Sleep apnea, Heart strain, Liver disease, Depression","Strictly avoid junk food, focus on low-calorie diet, consult doctor for weight management.",High,Breakfast: Oats + Green tea | Lunch: Brown rice + Dal + Veg | Snack: Fruit | Dinner: Soup + Salad,"Low-carb, low-fat diet. Avoid fried foods, sugary drinks, and eat small portions frequently."
54,45-54,Male,Underweight,"Muscle loss, Nutrient deficiency, Stress",Increase calorie intake with protein & dairy; eat small meals often and do strength exercises.,Medium,Breakfast: Oats + Milk | Lunch: Dal + Rice + Veg | Snack: Fruit + Seeds | Dinner: Chapati + Paneer/Tofu,"High-calorie, high-protein diet (milk, eggs, nuts, paneer, whole grains). Eat every 3–4 hours."
42,35-44,Female,Underweight,"Osteopenia, Hormonal issues, Fatigue, Nutritional deficiency",Increase calorie intake with protein & dairy; eat small meals often and do strength exercises.,Medium,Breakfast: Idli + Coconut chutney | Lunch: Dal rice + Veg | Snack: Fruit smoothie | Dinner: Chapati + Paneer,"High-calorie, high-protein diet (milk, eggs, nuts, paneer, whole grains). Eat every 3–4 hours."
20,18-24,Female,Normal,"Healthy, maintain fitness & hydration",Maintain balanced diet and regular exercise; ensure hydration and proper sleep.,Low,Breakfast: Oats + Fruit | Lunch: Rice + Veg curry | Snack: Nuts | Dinner: Chapati + Dal,"Balanced diet with fruits, vegetables, whole grains, and yoga/exercise 30 min daily."
24,18-24,Male,Underweight,"Anemia, Vitamin deficiency, Low muscle mass, Fatigue, Anxiety, Weak immunity",Increase calorie intake with protein & dairy; eat small meals often and do strength exercises.,Medium,"Breakfast: Milk + Banana + Boiled eggs | Lunch: Paneer, Rice, Dal | Snack: Nuts, Smoothie | Dinner: Chapati + Chicken/Paneer curry","High-calorie, high-protein diet (milk, eggs, nuts, paneer, whole grains). Eat every 3–4 hours."
55,55-60,Female,Overweight,"BP, Diabetes, Joint pain, Anxiety","Control portion size, reduce sugar and oil; prefer high-fiber meals and daily walks.",Medium,Breakfast: Dalia | Lunch: Soft rice + Dal | Snack: Fruit | Dinner: Soup,"Low sugar, low oil, high-fiber meals. Include salads, fruits, and avoid junk food."
40,35-44,Female,Overweight,"Thyroid issues, PCOS, Joint pain, Hypertension","Control portion size, reduce sugar and oil; prefer high-fiber meals and daily walks.",Medium,Breakfast: Poha + Tea | Lunch: Rice + Veg | Snack: Salad | Dinner: Soup + Khichdi,"Low sugar, low oil, high-fiber meals. Include salads, fruits, and avoid junk food."
58,55-60,Male,Obesity,"Heart failure, Stroke, Chronic diabetes, Anxiety, Arthritis","Strictly avoid junk food, focus on low-calorie diet, consult doctor for weight management.",High,Breakfast: Porridge | Lunch: Dal + Veg | Snack: Fruit | Dinner: Soup,"Low-carb, low-fat diet. Avoid fried foods, sugary drinks, and eat small portions frequently."
54,45-54,Female,Normal,"Healthy, menopause-related changes",Maintain balanced diet and regular exercise; ensure hydration and proper sleep.,Low,Breakfast: Idli + Chutney | Lunch: Brown rice + Dal | Snack: Seeds + Fruit | Dinner: Khichdi,"Balanced diet with fruits, vegetables, whole grains, and yoga/exercise 30 min daily."
46,45-54,Female,Overweight,"Thyroid, Diabetes, Joint stiffness, Anxiety","Control portion size, reduce sugar and oil; prefer high-fiber meals and daily walks.",Medium,Breakfast: Oats + Milk | Lunch: Roti + Dal | Snack: Seeds | Dinner: Light Veg soup,"Low sugar, low oil, high-fiber meals. Include salads, fruits, and avoid junk food."
47,45-54,Female,Underweight,"Osteoporosis, Hormone imbalance, Stress",Increase calorie intake with protein & dairy; eat small meals often and do strength exercises.,Medium,Breakfast: Poha + Milk | Lunch: Khichdi + Dal | Snack: Banana | Dinner: Soup + Roti,"High-calorie, high-protein diet (milk, eggs, nuts, paneer, whole grains). Eat every 3–4 hours."
60,55-60,Female,Obesity,"Heart disease, Arthritis, Stroke risk, Depression","Strictly avoid junk food, focus on low-calorie diet, consult doctor for weight management.",High,Breakfast: Porridge | Lunch: Soft rice + Veg | Snack: Fruit | Dinner: Soup,"Low-carb, low-fat diet. Avoid fried foods, sugary drinks, and eat small portions frequently."
31,25-34,Male,Obesity,"Heart disease, Sleep apnea, Liver problems, Anxiety, Depression","Strictly avoid junk food, focus on low-calorie diet, consult doctor for weight management.",High,Breakfast: Dalia + Fruit | Lunch: Roti + Veg | Snack: Green tea | Dinner: Soup + Salad,"Low-carb, low-fat diet. Avoid fried foods, sugary drinks, and eat small portions frequently."
47,45-54,Female,Normal,"Healthy, menopause-related changes",Maintain balanced diet and regular exercise; ensure hydration and proper sleep.,Low,Breakfast: Idli + Chutney | Lunch: Brown rice + Dal | Snack: Seeds + Fruit | Dinner: Khichdi,"Balanced diet with fruits, vegetables, whole grains, and yoga/exercise 30 min daily."
19,18-24,Male,Obesity,"Type 2 Diabetes, Sleep apnea, Heart strain, Liver disease, Depression","Strictly avoid junk food, focus on low-calorie diet, consult doctor for weight management.",High,Breakfast: Oats + Green tea | Lunch: Brown rice + Dal + Veg | Snack: Fruit | Dinner: Soup + Salad,"Low-carb, low-fat diet. Avoid fried foods, sugary drinks, and eat small portions frequently."
27,25-34,Male,Underweight,"Weak immunity, Muscle loss, Nutrient deficiency, Anxiety, Fatigue",Increase calorie intake with protein & dairy; eat small meals often and do strength exercises.,Medium,Breakfast: Paratha + Curd | Lunch: Dal rice + Paneer | Snack: Peanut butter toast | Dinner: Roti + Green vegi/Chicken/Fish + Veggies,"High-calorie, high-protein diet (milk, eggs, nuts, paneer, whole grains). Eat every 3–4 hours."
34,25-34,Female,Underweight,"PCOD, Fatigue, Irregular cycles, Anemia, Anxiety",Increase calorie intake with protein & dairy; eat small meals often and do strength exercises.,Medium,Breakfast: Milk + Dry fruits | Lunch: Dal + Chapati + Salad | Snack: Yogurt + Nuts | Dinner: Khichdi + Ghee,"High-calorie, high-protein diet (milk, eggs, nuts, paneer, whole grains). Eat every 3–4 hours."
46,45-54,Female,Obesity,"Hypertension, Type 2 Diabetes, Heart issues, Depression, Liver problems","Strictly avoid junk food, focus on low-calorie diet, consult doctor for weight management.",High,Breakfast: Oats | Lunch: Roti + Dal  | Snack: Seeds | Dinner: Soup,"Low-carb, low-fat diet. Avoid fried foods, sugary drinks, and eat small portions frequently."
44,35-44,Female,Obesity,"Diabetes, Hypertension, Breast cancer risk, Anxiety, Heart strain","Strictly avoid junk food, focus on low-calorie diet, consult doctor for weight management.",High,Breakfast: Dalia | Lunch: Brown rice + Veg | Snack: Fruit | Dinner: Soup,"Low-carb, low-fat diet. Avoid fried foods, sugary drinks, and eat small portions frequently."
48,45-54,Male,Underweight,"Muscle loss, Nutrient deficiency, Stress",Increase calorie intake with protein & dairy; eat small meals often and do strength exercises.,Medium,Breakfast: Oats + Milk | Lunch: Dal + Rice + Veg | Snack: Fruit + Seeds | Dinner: Chapati + Paneer/Tofu,"High-calorie, high-protein diet (milk, eggs, nuts, paneer, whole grains). Eat every 3–4 hours."
37,35-44,Male,Overweight,"Hypertension, Cholesterol, Fatty liver, Anxiety","Control portion size, reduce sugar and oil; prefer high-fiber meals and daily walks.",Medium,Breakfast: Oats + Milk | Lunch: Roti + Dal + Veg | Snack: Green tea | Dinner: Soup + Roti,"Low sugar, low oil, high-fiber meals. Include salads, fruits, and avoid junk food."
56,55-60,Male,Obesity,"Heart failure, Stroke, Chronic diabetes, Anxiety, Arthritis","Strictly avoid junk food, focus on low-calorie diet, consult doctor for weight management.",High,Breakfast: Porridge | Lunch: Dal + Veg | Snack: Fruit | Dinner: Soup,"Low-carb, low-fat diet. Avoid fried foods, sugary drinks, and eat small portions frequently."
29,25-34,Female,Underweight,"PCOD, Fatigue, Irregular cycles, Anemia, Anxiety",Increase calorie intake with protein & dairy; eat small meals often and do strength exercises.,Medium,Breakfast: Milk + Dry fruits | Lunch: Dal + Chapati + Salad | Snack: Yogurt + Nuts | Dinner: Khichdi + Ghee,"High-calorie, high-protein diet (milk, eggs, nuts, paneer, whole grains). Eat every 3–4 hours."
47,45-54,Female,Overweight,"Thyroid, Diabetes, Joint stiffness, Anxiety","Control portion size, reduce sugar and oil; prefer high-fiber meals and daily walks.",Medium,Breakfast: Oats + Milk | Lunch: Roti + Dal | Snack: Seeds | Dinner: Light Veg soup,"Low sugar, low oil, high-fiber meals. Include salads, fruits, and avoid junk food."
59,55-60,Male,Overweight,"High BP, Diabetes, Cardiac strain, Liver issues","Control portion size, reduce sugar and oil; prefer high-fiber meals and daily walks.",Medium,Breakfast: Soft oats | Lunch: Dal + Veg | Snack: Fruit | Dinner: Soup + Roti,"Low sugar, low oil, high-fiber meals. Include salads, fruits, and avoid junk food."
55,55-60,Female,Obesity,"Heart disease, Arthritis, Stroke risk, Depression","Strictly avoid junk food, focus on low-calorie diet, consult doctor for weight management.",High,Breakfast: Porridge | Lunch: Soft rice + Veg | Snack: Fruit | Dinner: Soup,"Low-carb, low-fat diet. Avoid fried foods, sugary drinks, and eat small portions frequently."
23,18-24,Female,Normal,"Healthy, maintain fitness & hydration",Maintain balanced diet and regular exercise; ensure hydration and proper sleep.,Low,Breakfast: Oats + Fruit | Lunch: Rice + Veg curry | Snack: Nuts | Dinner: Chapati + Dal,"Balanced diet with fruits, vegetables, whole grains, and yoga/exercise 30 min daily."
23,18-24,Male,Underweight,"Anemia, Vitamin deficiency, Low muscle mass, Fatigue, Anxiety, Weak immunity",Increase calorie intake with protein & dairy; eat small meals often and do strength exercises.,Medium,"Breakfast: Milk + Banana + Boiled eggs | Lunch: Paneer, Rice, Dal | Snack: Nuts, Smoothie | Dinner: Chapati + Chicken/Paneer curry","High-calorie, high-protein diet (milk, eggs, nuts, paneer, whole grains). Eat every 3–4 hours."
50,45-54,Male,Underweight,"Muscle loss, Nutrient deficiency, Stress",Increase calorie intake with protein & dairy; eat small meals often and do strength exercises.,Medium,Breakfast: Oats + Milk | Lunch: Dal + Rice + Veg | Snack: Fruit + Seeds | Dinner: Chapati + Paneer/Tofu,"High-calorie, high-protein diet (milk, eggs, nuts, paneer, whole grains). Eat every 3–4 hours."
44,35-44,Male,Underweight,"Anemia, Bone density loss, Fatigue, Stress",Increase calorie intake with protein & dairy; eat small meals often and do strength exercises.,Medium,Breakfast: Milk + Dry fruits | Lunch: Khichdi + Dal | Snack: Fruit shake | Dinner: Rice + Paneer curry,"High-calorie, high-protein diet (milk, eggs, nuts, paneer, whole grains). Eat every 3–4 hours."
49,45-54,Female,Underweight,"Osteoporosis, Hormone imbalance, Stress",Increase calorie intake with protein & dairy; eat small meals often and do strength exercises.,Medium,Breakfast: Poha + Milk | Lunch: Khichdi + Dal | Snack: Banana | Dinner: Soup + Roti,"High-calorie, high-protein diet (milk, eggs, nuts, paneer, whole grains). Eat every 3–4 hours."
50,45-54,Male,Overweight,"Hypertension, Diabetes, Fatty liver, Anxiety, Joint pain","Control portion size, reduce sugar and oil; prefer high-fiber meals and daily walks.",Medium,Breakfast: Dalia + Fruit | Lunch: Roti + Veg | Snack: Nuts | Dinner: Light khichdi,"Low sugar, low oil, high-fiber meals. Include salads, fruits, and avoid junk food."
42,35-44,Male,Normal,"Healthy, but rising risk of hypertension and liver fat",Maintain balanced diet and regular exercise; ensure hydration and proper sleep.,Low,Breakfast: Poha + Milk | Lunch: Roti + Dal + Veg | Snack: Fruit | Dinner: Khichdi + Curd,"Balanced diet with fruits, vegetables, whole grains, and yoga/exercise 30 min daily."
40,35-44,Male,Normal,"Healthy, but rising risk of hypertension and liver fat",Maintain balanced diet and regular exercise; ensure hydration and proper sleep.,Low,Breakfast: Poha + Milk | Lunch: Roti + Dal + Veg | Snack: Fruit | Dinner: Khichdi + Curd,"Balanced diet with fruits, vegetables, whole grains, and yoga/exercise 30 min daily."
58,55-60,Male,Underweight,"Frailty, Low bone density, Weak immunity",Increase calorie intake with protein & dairy; eat small meals often and do strength exercises.,Medium,Breakfast: Soft dalia + Milk | Lunch: Khichdi + Curd | Snack: Banana | Dinner: Soup + Soft roti + Paneer,"High-calorie, high-protein diet (milk, eggs, nuts, paneer, whole grains). Eat every 3–4 hours."
59,55-60,Male,Overweight,"High BP, Diabetes, Cardiac strain, Liver issues","Control portion size, reduce sugar and oil; prefer high-fiber meals and daily walks.",Medium,Breakfast: Soft oats | Lunch: Dal + Veg | Snack: Fruit | Dinner: Soup + Roti,"Low sugar, low oil, high-fiber meals. Include salads, fruits, and avoid junk food."
28,25-34,Male,Underweight,"Weak immunity, Muscle loss, Nutrient deficiency, Anxiety, Fatigue",Increase calorie intake with protein & dairy; eat small meals often and do strength exercises.,Medium,Breakfast: Paratha + Curd | Lunch: Dal rice + Paneer | Snack: Peanut butter toast | Dinner: Roti + Green vegi/Chicken/Fish + Veggies,"High-calorie, high-protein diet (milk, eggs, nuts, paneer, whole grains). Eat every 3–4 hours."
40,35-44,Female,Overweight,"Thyroid issues, PCOS, Joint pain, Hypertension","Control portion size, reduce sugar and oil; prefer high-fiber meals and daily walks.",Medium,Breakfast: Poha + Tea | Lunch: Rice + Veg | Snack: Salad | Dinner: Soup + Khichdi,"Low sugar, low oil, high-fiber meals. Include salads, fruits, and avoid junk food."
32,25-34,Male,Overweight,"High BP, Early diabetes, Fatty liver, Gastric issues, Mental tension","Control portion size, reduce sugar and oil; prefer high-fiber meals and daily walks.",Medium,Breakfast: Poha + Tea | Lunch: Roti + Veg curry | Snack: Fruit | Dinner: Khichdi + Salad,"Low sugar, low oil, high-fiber meals. Include salads, fruits, and avoid junk food."
40,35-44,Male,Normal,"Healthy, but rising risk of hypertension and liver fat",Maintain balanced diet and regular exercise; ensure hydration and proper sleep.,Low,Breakfast: Poha + Milk | Lunch: Roti + Dal + Veg | Snack: Fruit | Dinner: Khichdi + Curd,"Balanced diet with fruits, vegetables, whole grains, and yoga/exercise 30 min daily."
18,18-24,Male,Overweight,"Early hypertension, Fatty liver, Insulin resistance, Tension, Sleep disturbance","Control portion size, reduce sugar and oil; prefer high-fiber meals and daily walks.",Medium,Breakfast: Oats + Fruit | Lunch: Brown rice + Veg + Dal | Snack: Green tea + Nuts | Dinner: Soup + Chapati,"Low sugar, low oil, high-fiber meals. Include salads, fruits, and avoid junk food."
53,45-54,Male,Normal,"Good health, monitor BP and sugar regularly",Maintain balanced diet and regular exercise; ensure hydration and proper sleep.,Low,Breakfast: Oats + Milk | Lunch: Rice + Dal + Veg | Snack: Fruit | Dinner: Roti + Soup,"Balanced diet with fruits, vegetables, whole grains, and yoga/exercise 30 min daily."
54,45-54,Female,Overweight,"Thyroid, Diabetes, Joint stiffness, Anxiety","Control portion size, reduce sugar and oil; prefer high-fiber meals and daily walks.",Medium,Breakfast: Oats + Milk | Lunch: Roti + Dal | Snack: Seeds | Dinner: Light Veg soup,"Low sugar, low oil, high-fiber meals. Include salads, fruits, and avoid junk food."
44,35-44,Male,Normal,"Healthy, but rising risk of hypertension and liver fat",Maintain balanced diet and regular exercise; ensure hydration and proper sleep.,Low,Breakfast: Poha + Milk | Lunch: Roti + Dal + Veg | Snack: Fruit | Dinner: Khichdi + Curd,"Balanced diet with fruits, vegetables, whole grains, and yoga/exercise 30 min daily."
59,55-60,Male,Overweight,"High BP, Diabetes, Cardiac strain, Liver issues","Control portion size, reduce sugar and oil; prefer high-fiber meals and daily walks.",Medium,Breakfast: Soft oats | Lunch: Dal + Veg | Snack: Fruit | Dinner: Soup + Roti,"Low sugar, low oil, high-fiber meals. Include salads, fruits, and avoid junk food."
44,35-44,Male,Normal,"Healthy, but rising risk of hypertension and liver fat",Maintain balanced diet and regular exercise; ensure hydration and proper sleep.,Low,Breakfast: Poha + Milk | Lunch: Roti + Dal + Veg | Snack: Fruit | Dinner: Khichdi + Curd,"Balanced diet with fruits, vegetables, whole grains, and yoga/exercise 30 min daily."
52,45-54,Female,Overweight,"Thyroid, Diabetes, Joint stiffness, Anxiety","Control portion size, reduce sugar and oil; prefer high-fiber meals and daily walks.",Medium,Breakfast: Oats + Milk | Lunch: Roti + Dal | Snack: Seeds | Dinner: Light Veg soup,"Low sugar, low oil, high-fiber meals. Include salads, fruits, and avoid junk food."
33,25-34,Female,Underweight,"PCOD, Fatigue, Irregular cycles, Anemia, Anxiety",Increase calorie intake with protein & dairy; eat small meals often and do strength exercises.,Medium,Breakfast: Milk + Dry fruits | Lunch: Dal + Chapati + Salad | Snack: Yogurt + Nuts | Dinner: Khichdi + Ghee,"High-calorie, high-protein diet (milk, eggs, nuts, paneer, whole grains). Eat every 3–4 hours."
48,45-54,Female,Obesity,"Hypertension, Type 2 Diabetes, Heart issues, Depression, Liver problems","Strictly avoid junk food, focus on low-calorie diet, consult doctor for weight management.",High,Breakfast: Oats | Lunch: Roti + Dal  | Snack: Seeds | Dinner: Soup,"Low-carb, low-fat diet. Avoid fried foods, sugary drinks, and eat small portions frequently."
53,45-54,Female,Obesity,"Hypertension, Type 2 Diabetes, Heart issues, Depression, Liver problems","Strictly avoid junk food, focus on low-calorie diet, consult doctor for weight management.",High,Breakfast: Oats | Lunch: Roti + Dal  | Snack: Seeds | Dinner: Soup,"Low-carb, low-fat diet. Avoid fried foods, sugary drinks, and eat small portions frequently."
42,35-44,Female,Obesity,"Diabetes, Hypertension, Breast cancer risk, Anxiety, Heart strain","Strictly avoid junk food, focus on low-calorie diet, consult doctor for weight management.",High,Breakfast: Dalia | Lunch: Brown rice + Veg | Snack: Fruit | Dinner: Soup,"Low-carb, low-fat diet. Avoid fried foods, sugary drinks, and eat small portions frequently."
36,35-44,Male,Overweight,"Hypertension, Cholesterol, Fatty liver, Anxiety","Control portion size, reduce sugar and oil; prefer high-fiber meals and daily walks.",Medium,Breakfast: Oats + Milk | Lunch: Roti + Dal + Veg | Snack: Green tea | Dinner: Soup + Roti,"Low sugar, low oil, high-fiber meals. Include salads, fruits, and avoid junk food."
48,45-54,Male,Overweight,"Hypertension, Diabetes, Fatty liver, Anxiety, Joint pain","Control portion size, reduce sugar and oil; prefer high-fiber meals and daily walks.",Medium,Breakfast: Dalia + Fruit | Lunch: Roti + Veg | Snack: Nuts | Dinner: Light khichdi,"Low sugar, low oil, high-fiber meals. Include salads, fruits, and avoid junk food."
46,45-54,Female,Underweight,"Osteoporosis, Hormone imbalance, Stress",Increase calorie intake with protein & dairy; eat small meals often and do strength exercises.,Medium,Breakfast: Poha + Milk | Lunch: Khichdi + Dal | Snack: Banana | Dinner: Soup + Roti,"High-calorie, high-protein diet (milk, eggs, nuts, paneer, whole grains). Eat every 3–4 hours."
44,35-44,Male,Underweight,"Anemia, Bone density loss, Fatigue, Stress",Increase calorie intake with protein & dairy; eat small meals often and do strength exercises.,Medium,Breakfast: Milk + Dry fruits | Lunch: Khichdi + Dal | Snack: Fruit shake | Dinner: Rice + Paneer curry,"High-calorie, high-protein diet (milk, eggs, nuts, paneer, whole grains). Eat every 3–4 hours."
21,18-24,Male,Normal,"Healthy, possible stress or mild anxiety due to lifestyle",Maintain balanced diet and regular exercise; ensure hydration and proper sleep.,Low,Breakfast: Oats + Milk | Lunch: Roti + Veg + Dal | Snack: Fruit | Dinner: Rice + Dal + Salad,"Balanced diet with fruits, vegetables, whole grains, and yoga/exercise 30 min daily."
52,45-54,Female,Overweight,"Thyroid, Diabetes, Joint stiffness, Anxiety","Control portion size, reduce sugar and oil; prefer high-fiber meals and daily walks.",Medium,Breakfast: Oats + Milk | Lunch: Roti + Dal | Snack: Seeds | Dinner: Light Veg soup,"Low sugar, low oil, high-fiber meals. Include salads, fruits, and avoid junk food."
43,35-44,Female,Obesity,"Diabetes, Hypertension, Breast cancer risk, Anxiety, Heart strain","Strictly avoid junk food, focus on low-calorie diet, consult doctor for weight management.",High,Breakfast: Dalia | Lunch: Brown rice + Veg | Snack: Fruit | Dinner: Soup,"Low-carb, low-fat diet. Avoid fried foods, sugary drinks, and eat small portions frequently."
19,18-24,Male,Overweight,"Early hypertension, Fatty liver, Insulin resistance, Tension, Sleep disturbance","Control portion size, reduce sugar and oil; prefer high-fiber meals and daily walks.",Medium,Breakfast: Oats + Fruit | Lunch: Brown rice + Veg + Dal | Snack: Green tea + Nuts | Dinner: Soup + Chapati,"Low sugar, low oil, high-fiber meals. Include salads, fruits, and avoid junk food."
56,55-60,Male,Underweight,"Frailty, Low bone density, Weak immunity",Increase calorie intake with protein & dairy; eat small meals often and do strength exercises.,Medium,Breakfast: Soft dalia + Milk | Lunch: Khichdi + Curd | Snack: Banana | Dinner: Soup + Soft roti + Paneer,"High-calorie, high-protein diet (milk, eggs, nuts, paneer, whole grains). Eat every 3–4 hours."
40,35-44,Male,Obesity,"Diabetes, Sleep apnea, Cardiac disease, Liver cirrhosis, Depression","Strictly avoid junk food, focus on low-calorie diet, consult doctor for weight management.",High,Breakfast: Oats | Lunch: Brown rice + Veg | Snack: Nuts | Dinner: Soup + Salad,"Low-carb, low-fat diet. Avoid fried foods, sugary drinks, and eat small portions frequently."
46,45-54,Female,Normal,"Healthy, menopause-related changes",Maintain balanced diet and regular exercise; ensure hydration and proper sleep.,Low,Breakfast: Idli + Chutney | Lunch: Brown rice + Dal | Snack: Seeds + Fruit | Dinner: Khichdi,"Balanced diet with fruits, vegetables, whole grains, and yoga/exercise 30 min daily."
47,45-54,Male,Overweight,"Hypertension, Diabetes, Fatty liver, Anxiety, Joint pain","Control portion size, reduce sugar and oil; prefer high-fiber meals and daily walks.",Medium,Breakfast: Dalia + Fruit | Lunch: Roti + Veg | Snack: Nuts | Dinner: Light khichdi,"Low sugar, low oil, high-fiber meals. Include salads, fruits, and avoid junk food."
20,18-24,Female,Obesity,"PCOS/PCOD, Type 2 Diabetes, Fertility issues, Depression","Strictly avoid junk food, focus on low-calorie diet, consult doctor for weight management.",High,Breakfast: Smoothie + Seeds | Lunch: Brown rice + Dal + Veg | Snack: Fruit | Dinner: Soup,"Low-carb, low-fat diet. Avoid fried foods, sugary drinks, and eat small portions frequently."
46,45-54,Male,Underweight,"Muscle loss, Nutrient deficiency, Stress",Increase calorie intake with protein & dairy; eat small meals often and do strength exercises.,Medium,Breakfast: Oats + Milk | Lunch: Dal + Rice + Veg | Snack: Fruit + Seeds | Dinner: Chapati + Paneer/Tofu,"High-calorie, high-protein diet (milk, eggs, nuts, paneer, whole grains). Eat every 3–4 hours."
34,25-34,Female,Normal,"Healthy, maintain balanced diet, mild stress risk",Maintain balanced diet and regular exercise; ensure hydration and proper sleep.,Low,Breakfast: Poha + Milk | Lunch: Roti + Veg + Salad | Snack: Yogurt | Dinner: Khichdi + Curd,"Balanced diet with fruits, vegetables, whole grains, and yoga/exercise 30 min daily."
23,18-24,Male,Overweight,"Early hypertension, Fatty liver, Insulin resistance, Tension, Sleep disturbance","Control portion size, reduce sugar and oil; prefer high-fiber meals and daily walks.",Medium,Breakfast: Oats + Fruit | Lunch: Brown rice + Veg + Dal | Snack: Green tea + Nuts | Dinner: Soup + Chapati,"Low sugar, low oil, high-fiber meals. Include salads, fruits, and avoid junk food."
37,35-44,Male,Normal,"Healthy, but rising risk of hypertension and liver fat",Maintain balanced diet and regular exercise; ensure hydration and proper sleep.,Low,Breakfast: Poha + Milk | Lunch: Roti + Dal + Veg | Snack: Fruit | Dinner: Khichdi + Curd,"Balanced diet with fruits, vegetables, whole grains, and yoga/exercise 30 min daily."
34,25-34,Male,Overweight,"High BP, Early diabetes, Fatty liver, Gastric issues, Mental tension","Control portion size, reduce sugar and oil; prefer high-fiber meals and daily walks.",Medium,Breakfast: Poha + Tea | Lunch: Roti + Veg curry | Snack: Fruit | Dinner: Khichdi + Salad,"Low sugar, low oil, high-fiber meals. Include salads, fruits, and avoid junk food."
20,18-24,Female,Underweight,"Iron deficiency, Hormonal imbalance, Irregular periods, Anxiety, Hair loss",Increase calorie intake with protein & dairy; eat small meals often and do strength exercises.,Medium,Breakfast: Oats + Milk | Lunch: Rice + Dal + Paneer | Snack: Fruit | Dinner: Chapati + Veg + Paneer,"High-calorie, high-protein diet (milk, eggs, nuts, paneer, whole grains). Eat every 3–4 hours."
45,45-54,Male,Normal,"Good health, monitor BP and sugar regularly",Maintain balanced diet and regular exercise; ensure hydration and proper sleep.,Low,Breakfast: Oats + Milk | Lunch: Rice + Dal + Veg | Snack: Fruit | Dinner: Roti + Soup,"Balanced diet with fruits, vegetables, whole grains, and yoga/exercise 30 min daily."
56,55-60,Male,Normal,"Healthy aging, maintain diet & walk",Maintain balanced diet and regular exercise; ensure hydration and proper sleep.,Low,Breakfast: Dalia + Milk | Lunch: Soft rice + Dal | Snack: Fruit | Dinner: Soup + Roti,"Balanced diet with fruits, vegetables, whole grains, and yoga/exercise 30 min daily."
56,55-60,Male,Overweight,"High BP, Diabetes, Cardiac strain, Liver issues","Control portion size, reduce sugar and oil; prefer high-fiber meals and daily walks.",Medium,Breakfast: Soft oats | Lunch: Dal + Veg | Snack: Fruit | Dinner: Soup + Roti,"Low sugar, low oil, high-fiber meals. Include salads, fruits, and avoid junk food."
48,45-54,Female,Obesity,"Hypertension, Type 2 Diabetes, Heart issues, Depression, Liver problems","Strictly avoid junk food, focus on low-calorie diet, consult doctor for weight management.",High,Breakfast: Oats | Lunch: Roti + Dal  | Snack: Seeds | Dinner: Soup,"Low-carb, low-fat diet. Avoid fried foods, sugary drinks, and eat small portions frequently."
57,55-60,Male,Overweight,"High BP, Diabetes, Cardiac strain, Liver issues","Control portion size, reduce sugar and oil; prefer high-fiber meals and daily walks.",Medium,Breakfast: Soft oats | Lunch: Dal + Veg | Snack: Fruit | Dinner: Soup + Roti,"Low sugar, low oil, high-fiber meals. Include salads, fruits, and avoid junk food."
59,55-60,Female,Obesity,"Heart disease, Arthritis, Stroke risk, Depression","Strictly avoid junk food, focus on low-calorie diet, consult doctor for weight management.",High,Breakfast: Porridge | Lunch: Soft rice + Veg | Snack: Fruit | Dinner: Soup,"Low-carb, low-fat diet. Avoid fried foods, sugary drinks, and eat small portions frequently."
41,35-44,Male,Overweight,"Hypertension, Cholesterol, Fatty liver, Anxiety","Control portion size, reduce sugar and oil; prefer high-fiber meals and daily walks.",Medium,Breakfast: Oats + Milk | Lunch: Roti + Dal + Veg | Snack: Green tea | Dinner: Soup + Roti,"Low sugar, low oil, high-fiber meals. Include salads, fruits, and avoid junk food."
21,18-24,Female,Underweight,"Iron deficiency, Hormonal imbalance, Irregular periods, Anxiety, Hair loss",Increase calorie intake with protein & dairy; eat small meals often and do strength exercises.,Medium,Breakfast: Oats + Milk | Lunch: Rice + Dal + Paneer | Snack: Fruit | Dinner: Chapati + Veg + Paneer,"High-calorie, high-protein diet (milk, eggs, nuts, paneer, whole grains). Eat every 3–4 hours."
57,55-60,Male,Normal,"Healthy aging, maintain diet & walk",Maintain balanced diet and regular exercise; ensure hydration and proper sleep.,Low,Breakfast: Dalia + Milk | Lunch: Soft rice + Dal | Snack: Fruit | Dinner: Soup + Roti,"Balanced diet with fruits, vegetables, whole grains, and yoga/exercise 30 min daily."
49,45-54,Female,Overweight,"Thyroid, Diabetes, Joint stiffness, Anxiety","Control portion size, reduce sugar and oil; prefer high-fiber meals and daily walks.",Medium,Breakfast: Oats + Milk | Lunch: Roti + Dal | Snack: Seeds | Dinner: Light Veg soup,"Low sugar, low oil, high-fiber meals. Include salads, fruits, and avoid junk food."
36,35-44,Female,Underweight,"Osteopenia, Hormonal issues, Fatigue, Nutritional deficiency",Increase calorie intake with protein & dairy; eat small meals often and do strength exercises.,Medium,Breakfast: Idli + Coconut chutney | Lunch: Dal rice + Veg | Snack: Fruit smoothie | Dinner: Chapati + Paneer,"High-calorie, high-protein diet (milk, eggs, nuts, paneer, whole grains). Eat every 3–4 hours."
28,25-34,Female,Underweight,"PCOD, Fatigue, Irregular cycles, Anemia, Anxiety",Increase calorie intake with protein & dairy; eat small meals often and do strength exercises.,Medium,Breakfast: Milk + Dry fruits | Lunch: Dal + Chapati + Salad | Snack: Yogurt + Nuts | Dinner: Khichdi + Ghee,"High-calorie, high-protein diet (milk, eggs, nuts, paneer, whole grains). Eat every 3–4 hours."
37,35-44,Female,Overweight,"Thyroid issues, PCOS, Joint pain, Hypertension","Control portion size, reduce sugar and oil; prefer high-fiber meals and daily walks.",Medium,Breakfast: Poha + Tea | Lunch: Rice + Veg | Snack: Salad | Dinner: Soup + Khichdi,"Low sugar, low oil, high-fiber meals. Include salads, fruits, and avoid junk food."
52,45-54,Male,Underweight,"Muscle loss, Nutrient deficiency, Stress",Increase calorie intake with protein & dairy; eat small meals often and do strength exercises.,Medium,Breakfast: Oats + Milk | Lunch: Dal + Rice + Veg | Snack: Fruit + Seeds | Dinner: Chapati + Paneer/Tofu,"High-calorie, high-protein diet (milk, eggs, nuts, paneer, whole grains). Eat every 3–4 hours."
49,45-54,Female,Obesity,"Hypertension, Type 2 Diabetes, Heart issues, Depression, Liver problems","Strictly avoid junk food, focus on low-calorie diet, consult doctor for weight management.",High,Breakfast: Oats | Lunch: Roti + Dal  | Snack: Seeds | Dinner: Soup,"Low-carb, low-fat diet. Avoid fried foods, sugary drinks, and eat small portions frequently."
22,18-24,Male,Overweight,"Early hypertension, Fatty liver, Insulin resistance, Tension, Sleep disturbance","Control portion size, reduce sugar and oil; prefer high-fiber meals and daily walks.",Medium,Breakfast: Oats + Fruit | Lunch: Brown rice + Veg + Dal | Snack: Green tea + Nuts | Dinner: Soup + Chapati,"Low sugar, low oil, high-fiber meals. Include salads, fruits, and avoid junk food."
22,18-24,Male,Obesity,"Type 2 Diabetes, Sleep apnea, Heart strain, Liver disease, Depression","Strictly avoid junk food, focus on low-calorie diet, consult doctor for weight management.",High,Breakfast: Oats + Green tea | Lunch: Brown rice + Dal + Veg | Snack: Fruit | Dinner: Soup + Salad,"Low-carb, low-fat diet. Avoid fried foods, sugary drinks, and eat small portions frequently."
57,55-60,Female,Overweight,"BP, Diabetes, Joint pain, Anxiety","Control portion size, reduce sugar and oil; prefer high-fiber meals and daily walks.",Medium,Breakfast: Dalia | Lunch: Soft rice + Dal | Snack: Fruit | Dinner: Soup,"Low sugar, low oil, high-fiber meals. Include salads, fruits, and avoid junk food."
18,18-24,Female,Obesity,"PCOS/PCOD, Type 2 Diabetes, Fertility issues, Depression","Strictly avoid junk food, focus on low-calorie diet, consult doctor for weight management.",High,Breakfast: Smoothie + Seeds | Lunch: Brown rice + Dal + Veg | Snack: Fruit | Dinner: Soup,"Low-carb, low-fat diet. Avoid fried foods, sugary drinks, and eat small portions frequently."
18,18-24,Male,Overweight,"Early hypertension, Fatty liver, Insulin resistance, Tension, Sleep disturbance","Control portion size, reduce sugar and oil; prefer high-fiber meals and daily walks.",Medium,Breakfast: Oats + Fruit | Lunch: Brown rice + Veg + Dal | Snack: Green tea + Nuts | Dinner: Soup + Chapati,"Low sugar, low oil, high-fiber meals. Include salads, fruits, and avoid junk food."
19,18-24,Male,Overweight,"Early hypertension, Fatty liver, Insulin resistance, Tension, Sleep disturbance","Control portion size, reduce sugar and oil; prefer high-fiber meals and daily walks.",Medium,Breakfast: Oats + Fruit | Lunch: Brown rice + Veg + Dal | Snack: Green tea + Nuts | Dinner: Soup + Chapati,"Low sugar, low oil, high-fiber meals. Include salads, fruits, and avoid junk food."
34,25-34,Female,Obesity,"PCOS, Infertility, Type 2 Diabetes, Hypertension, Anxiety","Strictly avoid junk food, focus on low-calorie diet, consult doctor for weight management.",High,Breakfast: Oats | Lunch: Roti + Veg | Snack: Green tea | Dinner: Soup + Salad,"Low-carb, low-fat diet. Avoid fried foods, sugary drinks, and eat small portions frequently."
39,35-44,Female,Underweight,"Osteopenia, Hormonal issues, Fatigue, Nutritional deficiency",Increase calorie intake with protein & dairy; eat small meals often and do strength exercises.,Medium,Breakfast: Idli + Coconut chutney | Lunch: Dal rice + Veg | Snack: Fruit smoothie | Dinner: Chapati + Paneer,"High-calorie, high-protein diet (milk, eggs, nuts, paneer, whole grains). Eat every 3–4 hours."
21,18-24,Male,Underweight,"Anemia, Vitamin deficiency, Low muscle mass, Fatigue, Anxiety, Weak immunity",Increase calorie intake with protein & dairy; eat small meals often and do strength exercises.,Medium,"Breakfast: Milk + Banana + Boiled eggs | Lunch: Paneer, Rice, Dal | Snack: Nuts, Smoothie | Dinner: Chapati + Chicken/Paneer curry","High-calorie, high-protein diet (milk, eggs, nuts, paneer, whole grains). Eat every 3–4 hours."
28,25-34,Male,Underweight,"Weak immunity, Muscle loss, Nutrient deficiency, Anxiety, Fatigue",Increase calorie intake with protein & dairy; eat small meals often and do strength exercises.,Medium,Breakfast: Paratha + Curd | Lunch: Dal rice + Paneer | Snack: Peanut butter toast | Dinner: Roti + Green vegi/Chicken/Fish + Veggies,"High-calorie, high-protein diet (milk, eggs, nuts, paneer, whole grains). Eat every 3–4 hours."
45,45-54,Female,Normal,"Healthy, menopause-related changes",Maintain balanced diet and regular exercise; ensure hydration and proper sleep.,Low,Breakfast: Idli + Chutney | Lunch: Brown rice + Dal | Snack: Seeds + Fruit | Dinner: Khichdi,"Balanced diet with fruits, vegetables, whole grains, and yoga/exercise 30 min daily."
39,35-44,Male,Normal,"Healthy, but rising risk of hypertension and liver fat",Maintain balanced diet and regular exercise; ensure hydration and proper sleep.,Low,Breakfast: Poha + Milk | Lunch: Roti + Dal + Veg | Snack: Fruit | Dinner: Khichdi + Curd,"Balanced diet with fruits, vegetables, whole grains, and yoga/exercise 30 min daily."
21,18-24,Male,Underweight,"Anemia, Vitamin deficiency, Low muscle mass, Fatigue, Anxiety, Weak immunity",Increase calorie intake with protein & dairy; eat small meals often and do strength exercises.,Medium,"Breakfast: Milk + Banana + Boiled eggs | Lunch: Paneer, Rice, Dal | Snack: Nuts, Smoothie | Dinner: Chapati + Chicken/Paneer curry","High-calorie, high-protein diet (milk, eggs, nuts, paneer, whole grains). Eat every 3–4 hours."
39,35-44,Male,Normal,"Healthy, but rising risk of hypertension and liver fat",Maintain balanced diet and regular exercise; ensure hydration and proper sleep.,Low,Breakfast: Poha + Milk | Lunch: Roti + Dal + Veg | Snack: Fruit | Dinner: Khichdi + Curd,"Balanced diet with fruits, vegetables, whole grains, and yoga/exercise 30 min daily."
60,55-60,Female,Normal,"Healthy, maintain calcium & heart care",Maintain balanced diet and regular exercise; ensure hydration and proper sleep.,Low,Breakfast: Oats + Milk | Lunch: Rice + Veg dal | Snack: Boiled egg/Paneer | Dinner: Soup + Roti,"Balanced diet with fruits, vegetables, whole grains, and yoga/exercise 30 min daily."
26,25-34,Female,Normal,"Healthy, maintain balanced diet, mild stress risk",Maintain balanced diet and regular exercise; ensure hydration and proper sleep.,Low,Breakfast: Poha + Milk | Lunch: Roti + Veg + Salad | Snack: Yogurt | Dinner: Khichdi + Curd,"Balanced diet with fruits, vegetables, whole grains, and yoga/exercise 30 min daily."
30,25-34,Male,Underweight,"Weak immunity, Muscle loss, Nutrient deficiency, Anxiety, Fatigue",Increase calorie intake with protein & dairy; eat small meals often and do strength exercises.,Medium,Breakfast: Paratha + Curd | Lunch: Dal rice + Paneer | Snack: Peanut butter toast | Dinner: Roti + Green vegi/Chicken/Fish + Veggies,"High-calorie, high-protein diet (milk, eggs, nuts, paneer, whole grains). Eat every 3–4 hours."
42,35-44,Male,Overweight,"Hypertension, Cholesterol, Fatty liver, Anxiety","Control portion size, reduce sugar and oil; prefer high-fiber meals and daily walks.",Medium,Breakfast: Oats + Milk | Lunch: Roti + Dal + Veg | Snack: Green tea | Dinner: Soup + Roti,"Low sugar, low oil, high-fiber meals. Include salads, fruits, and avoid junk food."
29,25-34,Female,Underweight,"PCOD, Fatigue, Irregular cycles, Anemia, Anxiety",Increase calorie intake with protein & dairy; eat small meals often and do strength exercises.,Medium,Breakfast: Milk + Dry fruits | Lunch: Dal + Chapati + Salad | Snack: Yogurt + Nuts | Dinner: Khichdi + Ghee,"High-calorie, high-protein diet (milk, eggs, nuts, paneer, whole grains). Eat every 3–4 hours."
46,45-54,Male,Normal,"Good health, monitor BP and sugar regularly",Maintain balanced diet and regular exercise; ensure hydration and proper sleep.,Low,Breakfast: Oats + Milk | Lunch: Rice + Dal + Veg | Snack: Fruit | Dinner: Roti + Soup,"Balanced diet with fruits, vegetables, whole grains, and yoga/exercise 30 min daily."
59,55-60,Male,Overweight,"High BP, Diabetes, Cardiac strain, Liver issues","Control portion size, reduce sugar and oil; prefer high-fiber meals and daily walks.",Medium,Breakfast: Soft oats | Lunch: Dal + Veg | Snack: Fruit | Dinner: Soup + Roti,"Low sugar, low oil, high-fiber meals. Include salads, fruits, and avoid junk food."
47,45-54,Female,Overweight,"Thyroid, Diabetes, Joint stiffness, Anxiety","Control portion size, reduce sugar and oil; prefer high-fiber meals and daily walks.",Medium,Breakfast: Oats + Milk | Lunch: Roti + Dal | Snack: Seeds | Dinner: Light Veg soup,"Low sugar, low oil, high-fiber meals. Include salads, fruits, and avoid junk food."
21,18-24,Male,Obesity,"Type 2 Diabetes, Sleep apnea, Heart strain, Liver disease, Depression","Strictly avoid junk food, focus on low-calorie diet, consult doctor for weight management.",High,Breakfast: Oats + Green tea | Lunch: Brown rice + Dal + Veg | Snack: Fruit | Dinner: Soup + Salad,"Low-carb, low-fat diet. Avoid fried foods, sugary drinks, and eat small portions frequently."
42,35-44,Female,Normal,"Healthy, but screen for thyroid/menstrual health",Maintain balanced diet and regular exercise; ensure hydration and proper sleep.,Low,Breakfast: Dosa + Milk | Lunch: Roti + Dal + Veg | Snack: Fruit | Dinner: Soup + Chapati,"Balanced diet with fruits, vegetables, whole grains, and yoga/exercise 30 min daily."
56,55-60,Female,Obesity,"Heart disease, Arthritis, Stroke risk, Depression","Strictly avoid junk food, focus on low-calorie diet, consult doctor for weight management.",High,Breakfast: Porridge | Lunch: Soft rice + Veg | Snack: Fruit | Dinner: Soup,"Low-carb, low-fat diet. Avoid fried foods, sugary drinks, and eat small portions frequently."
52,45-54,Female,Normal,"Healthy, menopause-related changes",Maintain balanced diet and regular exercise; ensure hydration and proper sleep.,Low,Breakfast: Idli + Chutney | Lunch: Brown rice + Dal | Snack: Seeds + Fruit | Dinner: Khichdi,"Balanced diet with fruits, vegetables, whole grains, and yoga/exercise 30 min daily."
25,25-34,Female,Overweight,"PCOS, Thyroid disorder, Gestational risk, Depression, Liver fat","Control portion size, reduce sugar and oil; prefer high-fiber meals and daily walks.",Medium,Breakfast: Smoothie + Seeds | Lunch: Roti + Veg curry | Snack: Fruit | Dinner: Dal soup,"Low sugar, low oil, high-fiber meals. Include salads, fruits, and avoid junk food."
33,25-34,Female,Underweight,"PCOD, Fatigue, Irregular cycles, Anemia, Anxiety",Increase calorie intake with protein & dairy; eat small meals often and do strength exercises.,Medium,Breakfast: Milk + Dry fruits | Lunch: Dal + Chapati + Salad | Snack: Yogurt + Nuts | Dinner: Khichdi + Ghee,"High-calorie, high-protein diet (milk, eggs, nuts, paneer, whole grains). Eat every 3–4 hours."
24,18-24,Female,Obesity,"PCOS/PCOD, Type 2 Diabetes, Fertility issues, Depression","Strictly avoid junk food, focus on low-calorie diet, consult doctor for weight management.",High,Breakfast: Smoothie + Seeds | Lunch: Brown rice + Dal + Veg | Snack: Fruit | Dinner: Soup,"Low-carb, low-fat diet. Avoid fried foods, sugary drinks, and eat small portions frequently."
52,45-54,Female,Overweight,"Thyroid, Diabetes, Joint stiffness, Anxiety","Control portion size, reduce sugar and oil; prefer high-fiber meals and daily walks.",Medium,Breakfast: Oats + Milk | Lunch: Roti + Dal | Snack: Seeds | Dinner: Light Veg soup,"Low sugar, low oil, high-fiber meals. Include salads, fruits, and avoid junk food."
34,25-34,Female,Normal,"Healthy, maintain balanced diet, mild stress risk",Maintain balanced diet and regular exercise; ensure hydration and proper sleep.,Low,Breakfast: Poha + Milk | Lunch: Roti + Veg + Salad | Snack: Yogurt | Dinner: Khichdi + Curd,"Balanced diet with fruits, vegetables, whole grains, and yoga/exercise 30 min daily."
27,25-34,Male,Overweight,"High BP, Early diabetes, Fatty liver, Gastric issues, Mental tension","Control portion size, reduce sugar and oil; prefer high-fiber meals and daily walks.",Medium,Breakfast: Poha + Tea | Lunch: Roti + Veg curry | Snack: Fruit | Dinner: Khichdi + Salad,"Low sugar, low oil, high-fiber meals. Include salads, fruits, and avoid junk food."
53,45-54,Male,Overweight,"Hypertension, Diabetes, Fatty liver, Anxiety, Joint pain","Control portion size, reduce sugar and oil; prefer high-fiber meals and daily walks.",Medium,Breakfast: Dalia + Fruit | Lunch: Roti + Veg | Snack: Nuts | Dinner: Light khichdi,"Low sugar, low oil, high-fiber meals. Include salads, fruits, and avoid junk food."
48,45-54,Male,Obesity,"Cardiac disease, Stroke, Depression, Chronic fatigue","Strictly avoid junk food, focus on low-calorie diet, consult doctor for weight management.",High,Breakfast: Oats | Lunch: Roti + Veg | Snack: Seeds | Dinner: Soup + Salad,"Low-carb, low-fat diet. Avoid fried foods, sugary drinks, and eat small portions frequently."
52,45-54,Male,Normal,"Good health, monitor BP and sugar regularly",Maintain balanced diet and regular exercise; ensure hydration and proper sleep.,Low,Breakfast: Oats + Milk | Lunch: Rice + Dal + Veg | Snack: Fruit | Dinner: Roti + Soup,"Balanced diet with fruits, vegetables, whole grains, and yoga/exercise 30 min daily."
32,25-34,Male,Obesity,"Heart disease, Sleep apnea, Liver problems, Anxiety, Depression","Strictly avoid junk food, focus on low-calorie diet, consult doctor for weight management.",High,Breakfast: Dalia + Fruit | Lunch: Roti + Veg | Snack: Green tea | Dinner: Soup + Salad,"Low-carb, low-fat diet. Avoid fried foods, sugary drinks, and eat small portions frequently."
22,18-24,Male,Underweight,"Anemia, Vitamin deficiency, Low muscle mass, Fatigue, Anxiety, Weak immunity",Increase calorie intake with protein & dairy; eat small meals often and do strength exercises.,Medium,"Breakfast: Milk + Banana + Boiled eggs | Lunch: Paneer, Rice, Dal | Snack: Nuts, Smoothie | Dinner: Chapati + Chicken/Paneer curry","High-calorie, high-protein diet (milk, eggs, nuts, paneer, whole grains). Eat every 3–4 hours."
57,55-60,Female,Obesity,"Heart disease, Arthritis, Stroke risk, Depression","Strictly avoid junk food, focus on low-calorie diet, consult doctor for weight management.",High,Breakfast: Porridge | Lunch: Soft rice + Veg | Snack: Fruit | Dinner: Soup,"Low-carb, low-fat diet. Avoid fried foods, sugary drinks, and eat small portions frequently."
35,35-44,Female,Underweight,"Osteopenia, Hormonal issues, Fatigue, Nutritional deficiency",Increase calorie intake with protein & dairy; eat small meals often and do strength exercises.,Medium,Breakfast: Idli + Coconut chutney | Lunch: Dal rice + Veg | Snack: Fruit smoothie | Dinner: Chapati + Paneer,"High-calorie, high-protein diet (milk, eggs, nuts, paneer, whole grains). Eat every 3–4 hours."
41,35-44,Male,Overweight,"Hypertension, Cholesterol, Fatty liver, Anxiety","Control portion size, reduce sugar and oil; prefer high-fiber meals and daily walks.",Medium,Breakfast: Oats + Milk | Lunch: Roti + Dal + Veg | Snack: Green tea | Dinner: Soup + Roti,"Low sugar, low oil, high-fiber meals. Include salads, fruits, and avoid junk food."
53,45-54,Male,Obesity,"Cardiac disease, Stroke, Depression, Chronic fatigue","Strictly avoid junk food, focus on low-calorie diet, consult doctor for weight management.",High,Breakfast: Oats | Lunch: Roti + Veg | Snack: Seeds | Dinner: Soup + Salad,"Low-carb, low-fat diet. Avoid fried foods, sugary drinks, and eat small portions frequently."
30,25-34,Female,Overweight,"PCOS, Thyroid disorder, Gestational risk, Depression, Liver fat","Control portion size, reduce sugar and oil; prefer high-fiber meals and daily walks.",Medium,Breakfast: Smoothie + Seeds | Lunch: Roti + Veg curry | Snack: Fruit | Dinner: Dal soup,"Low sugar, low oil, high-fiber meals. Include salads, fruits, and avoid junk food."
33,25-34,Male,Normal,"Healthy, mild stress or work pressure possible",Maintain balanced diet and regular exercise; ensure hydration and proper sleep.,Low,Breakfast: Brown bread + Eggs | Lunch: Roti + Chicken + Veg | Snack: Nuts | Dinner: Soup + Chapati,"Balanced diet with fruits, vegetables, whole grains, and yoga/exercise 30 min daily."
59,55-60,Female,Underweight,"Osteoporosis, Menopause fatigue, Weak immunity",Increase calorie intake with protein & dairy; eat small meals often and do strength exercises.,Medium,Breakfast: Oats + Milk | Lunch: Rice + Dal | Snack: Boiled egg/Paneer | Dinner: Soft khichdi,"High-calorie, high-protein diet (milk, eggs, nuts, paneer, whole grains). Eat every 3–4 hours."
23,18-24,Female,Normal,"Healthy, maintain fitness & hydration",Maintain balanced diet and regular exercise; ensure hydration and proper sleep.,Low,Breakfast: Oats + Fruit | Lunch: Rice + Veg curry | Snack: Nuts | Dinner: Chapati + Dal,"Balanced diet with fruits, vegetables, whole grains, and yoga/exercise 30 min daily."
20,18-24,Female,Underweight,"Iron deficiency, Hormonal imbalance, Irregular periods, Anxiety, Hair loss",Increase calorie intake with protein & dairy; eat small meals often and do strength exercises.,Medium,Breakfast: Oats + Milk | Lunch: Rice + Dal + Paneer | Snack: Fruit | Dinner: Chapati + Veg + Paneer,"High-calorie, high-protein diet (milk, eggs, nuts, paneer, whole grains). Eat every 3–4 hours."
18,18-24,Female,Underweight,"Iron deficiency, Hormonal imbalance, Irregular periods, Anxiety, Hair loss",Increase calorie intake with protein & dairy; eat small meals often and do strength exercises.,Medium,Breakfast: Oats + Milk | Lunch: Rice + Dal + Paneer | Snack: Fruit | Dinner: Chapati + Veg + Paneer,"High-calorie, high-protein diet (milk, eggs, nuts, paneer, whole grains). Eat every 3–4 hours."
26,25-34,Female,Overweight,"PCOS, Thyroid disorder, Gestational risk, Depression, Liver fat","Control portion size, reduce sugar and oil; prefer high-fiber meals and daily walks.",Medium,Breakfast: Smoothie + Seeds | Lunch: Roti + Veg curry | Snack: Fruit | Dinner: Dal soup,"Low sugar, low oil, high-fiber meals. Include salads, fruits, and avoid junk food."
24,18-24,Female,Underweight,"Iron deficiency, Hormonal imbalance, Irregular periods, Anxiety, Hair loss",Increase calorie intake with protein & dairy; eat small meals often and do strength exercises.,Medium,Breakfast: Oats + Milk | Lunch: Rice + Dal + Paneer | Snack: Fruit | Dinner: Chapati + Veg + Paneer,"High-calorie, high-protein diet (milk, eggs, nuts, paneer, whole grains). Eat every 3–4 hours."
48,45-54,Female,Overweight,"Thyroid, Diabetes, Joint stiffness, Anxiety","Control portion size, reduce sugar and oil; prefer high-fiber meals and daily walks.",Medium,Breakfast: Oats + Milk | Lunch: Roti + Dal | Snack: Seeds | Dinner: Light Veg soup,"Low sugar, low oil, high-fiber meals. Include salads, fruits, and avoid junk food."
29,25-34,Male,Overweight,"High BP, Early diabetes, Fatty liver, Gastric issues, Mental tension","Control portion size, reduce sugar and oil; prefer high-fiber meals and daily walks.",Medium,Breakfast: Poha + Tea | Lunch: Roti + Veg curry | Snack: Fruit | Dinner: Khichdi + Salad,"Low sugar, low oil, high-fiber meals. Include salads, fruits, and avoid junk food."
58,55-60,Female,Overweight,"BP, Diabetes, Joint pain, Anxiety","Control portion size, reduce sugar and oil; prefer high-fiber meals and daily walks.",Medium,Breakfast: Dalia | Lunch: Soft rice + Dal | Snack: Fruit | Dinner: Soup,"Low sugar, low oil, high-fiber meals. Include salads, fruits, and avoid junk food."
40,35-44,Female,Normal,"Healthy, but screen for thyroid/menstrual health",Maintain balanced diet and regular exercise; ensure hydration and proper sleep.,Low,Breakfast: Dosa + Milk | Lunch: Roti + Dal + Veg | Snack: Fruit | Dinner: Soup + Chapati,"Balanced diet with fruits, vegetables, whole grains, and yoga/exercise 30 min daily."
22,18-24,Male,Normal,"Healthy, possible stress or mild anxiety due to lifestyle",Maintain balanced diet and regular exercise; ensure hydration and proper sleep.,Low,Breakfast: Oats + Milk | Lunch: Roti + Veg + Dal | Snack: Fruit | Dinner: Rice + Dal + Salad,"Balanced diet with fruits, vegetables, whole grains, and yoga/exercise 30 min daily."
57,55-60,Male,Normal,"Healthy aging, maintain diet & walk",Maintain balanced diet and regular exercise; ensure hydration and proper sleep.,Low,Breakfast: Dalia + Milk | Lunch: Soft rice + Dal | Snack: Fruit | Dinner: Soup + Roti,"Balanced diet with fruits, vegetables, whole grains, and yoga/exercise 30 min daily."
43,35-44,Male,Overweight,"Hypertension, Cholesterol, Fatty liver, Anxiety","Control portion size, reduce sugar and oil; prefer high-fiber meals and daily walks.",Medium,Breakfast: Oats + Milk | Lunch: Roti + Dal + Veg | Snack: Green tea | Dinner: Soup + Roti,"Low sugar, low oil, high-fiber meals. Include salads, fruits, and avoid junk food."
54,45-54,Male,Underweight,"Muscle loss, Nutrient deficiency, Stress",Increase calorie intake with protein & dairy; eat small meals often and do strength exercises.,Medium,Breakfast: Oats + Milk | Lunch: Dal + Rice + Veg | Snack: Fruit + Seeds | Dinner: Chapati + Paneer/Tofu,"High-calorie, high-protein diet (milk, eggs, nuts, paneer, whole grains). Eat every 3–4 hours."
24,18-24,Female,Underweight,"Iron deficiency, Hormonal imbalance, Irregular periods, Anxiety, Hair loss",Increase calorie intake with protein & dairy; eat small meals often and do strength exercises.,Medium,Breakfast: Oats + Milk | Lunch: Rice + Dal + Paneer | Snack: Fruit | Dinner: Chapati + Veg + Paneer,"High-calorie, high-protein diet (milk, eggs, nuts, paneer, whole grains). Eat every 3–4 hours."
45,45-54,Female,Normal,"Healthy, menopause-related changes",Maintain balanced diet and regular exercise; ensure hydration and proper sleep.,Low,Breakfast: Idli + Chutney | Lunch: Brown rice + Dal | Snack: Seeds + Fruit | Dinner: Khichdi,"Balanced diet with fruits, vegetables, whole grains, and yoga/exercise 30 min daily."
38,35-44,Male,Obesity,"Diabetes, Sleep apnea, Cardiac disease, Liver cirrhosis, Depression","Strictly avoid junk food, focus on low-calorie diet, consult doctor for weight management.",High,Breakfast: Oats | Lunch: Brown rice + Veg | Snack: Nuts | Dinner: Soup + Salad,"Low-carb, low-fat diet. Avoid fried foods, sugary drinks, and eat small portions frequently."
24,18-24,Male,Normal,"Healthy, possible stress or mild anxiety due to lifestyle",Maintain balanced diet and regular exercise; ensure hydration and proper sleep.,Low,Breakfast: Oats + Milk | Lunch: Roti + Veg + Dal | Snack: Fruit | Dinner: Rice + Dal + Salad,"Balanced diet with fruits, vegetables, whole grains, and yoga/exercise 30 min daily."
46,45-54,Male,Obesity,"Cardiac disease, Stroke, Depression, Chronic fatigue","Strictly avoid junk food, focus on low-calorie diet, consult doctor for weight management.",High,Breakfast: Oats | Lunch: Roti + Veg | Snack: Seeds | Dinner: Soup + Salad,"Low-carb, low-fat diet. Avoid fried foods, sugary drinks, and eat small portions frequently."
30,25-34,Female,Overweight,"PCOS, Thyroid disorder, Gestational risk, Depression, Liver fat","Control portion size, reduce sugar and oil; prefer high-fiber meals and daily walks.",Medium,Breakfast: Smoothie + Seeds | Lunch: Roti + Veg curry | Snack: Fruit | Dinner: Dal soup,"Low sugar, low oil, high-fiber meals. Include salads, fruits, and avoid junk food."
31,25-34,Female,Overweight,"PCOS, Thyroid disorder, Gestational risk, Depression, Liver fat","Control portion size, reduce sugar and oil; prefer high-fiber meals and daily walks.",Medium,Breakfast: Smoothie + Seeds | Lunch: Roti + Veg curry | Snack: Fruit | Dinner: Dal soup,"Low sugar, low oil, high-fiber meals. Include salads, fruits, and avoid junk food."
46,45-54,Male,Overweight,"Hypertension, Diabetes, Fatty liver, Anxiety, Joint pain","Control portion size, reduce sugar and oil; prefer high-fiber meals and daily walks.",Medium,Breakfast: Dalia + Fruit | Lunch: Roti + Veg | Snack: Nuts | Dinner: Light khichdi,"Low sugar, low oil, high-fiber meals. Include salads, fruits, and avoid junk food."
22,18-24,Female,Underweight,"Iron deficiency, Hormonal imbalance, Irregular periods, Anxiety, Hair loss",Increase calorie intake with protein & dairy; eat small meals often and do strength exercises.,Medium,Breakfast: Oats + Milk | Lunch: Rice + Dal + Paneer | Snack: Fruit | Dinner: Chapati + Veg + Paneer,"High-calorie, high-protein diet (milk, eggs, nuts, paneer, whole grains). Eat every 3–4 hours."
47,45-54,Male,Overweight,"Hypertension, Diabetes, Fatty liver, Anxiety, Joint pain","Control portion size, reduce sugar and oil; prefer high-fiber meals and daily walks.",Medium,Breakfast: Dalia + Fruit | Lunch: Roti + Veg | Snack: Nuts | Dinner: Light khichdi,"Low sugar, low oil, high-fiber meals. Include salads, fruits, and avoid junk food."
60,55-60,Male,Overweight,"High BP, Diabetes, Cardiac strain, Liver issues","Control portion size, reduce sugar and oil; prefer high-fiber meals and daily walks.",Medium,Breakfast: Soft oats | Lunch: Dal + Veg | Snack: Fruit | Dinner: Soup + Roti,"Low sugar, low oil, high-fiber meals. Include salads, fruits, and avoid junk food."
56,55-60,Female,Overweight,"BP, Diabetes, Joint pain, Anxiety","Control portion size, reduce sugar and oil; prefer high-fiber meals and daily walks.",Medium,Breakfast: Dalia | Lunch: Soft rice + Dal | Snack: Fruit | Dinner: Soup,"Low sugar, low oil, high-fiber meals. Include salads, fruits, and avoid junk food."
35,35-44,Female,Normal,"Healthy, but screen for thyroid/menstrual health",Maintain balanced diet and regular exercise; ensure hydration and proper sleep.,Low,Breakfast: Dosa + Milk | Lunch: Roti + Dal + Veg | Snack: Fruit | Dinner: Soup + Chapati,"Balanced diet with fruits, vegetables, whole grains, and yoga/exercise 30 min daily."
19,18-24,Female,Obesity,"PCOS/PCOD, Type 2 Diabetes, Fertility issues, Depression","Strictly avoid junk food, focus on low-calorie diet, consult doctor for weight management.",High,Breakfast: Smoothie + Seeds | Lunch: Brown rice + Dal + Veg | Snack: Fruit | Dinner: Soup,"Low-carb, low-fat diet. Avoid fried foods, sugary drinks, and eat small portions frequently."
60,55-60,Male,Obesity,"Heart failure, Stroke, Chronic diabetes, Anxiety, Arthritis","Strictly avoid junk food, focus on low-calorie diet, consult doctor for weight management.",High,Breakfast: Porridge | Lunch: Dal + Veg | Snack: Fruit | Dinner: Soup,"Low-carb, low-fat diet. Avoid fried foods, sugary drinks, and eat small portions frequently."
50,45-54,Male,Underweight,"Muscle loss, Nutrient deficiency, Stress",Increase calorie intake with protein & dairy; eat small meals often and do strength exercises.,Medium,Breakfast: Oats + Milk | Lunch: Dal + Rice + Veg | Snack: Fruit + Seeds | Dinner: Chapati + Paneer/Tofu,"High-calorie, high-protein diet (milk, eggs, nuts, paneer, whole grains). Eat every 3–4 hours."
28,25-34,Female,Obesity,"PCOS, Infertility, Type 2 Diabetes, Hypertension, Anxiety","Strictly avoid junk food, focus on low-calorie diet, consult doctor for weight management.",High,Breakfast: Oats | Lunch: Roti + Veg | Snack: Green tea | Dinner: Soup + Salad,"Low-carb, low-fat diet. Avoid fried foods, sugary drinks, and eat small portions frequently."
57,55-60,Female,Overweight,"BP, Diabetes, Joint pain, Anxiety","Control portion size, reduce sugar and oil; prefer high-fiber meals and daily walks.",Medium,Breakfast: Dalia | Lunch: Soft rice + Dal | Snack: Fruit | Dinner: Soup,"Low sugar, low oil, high-fiber meals. Include salads, fruits, and avoid junk food."
59,55-60,Female,Obesity,"Heart disease, Arthritis, Stroke risk, Depression","Strictly avoid junk food, focus on low-calorie diet, consult doctor for weight management.",High,Breakfast: Porridge | Lunch: Soft rice + Veg | Snack: Fruit | Dinner: Soup,"Low-carb, low-fat diet. Avoid fried foods, sugary drinks, and eat small portions frequently."
23,18-24,Male,Overweight,"Early hypertension, Fatty liver, Insulin resistance, Tension, Sleep disturbance","Control portion size, reduce sugar and oil; prefer high-fiber meals and daily walks.",Medium,Breakfast: Oats + Fruit | Lunch: Brown rice + Veg + Dal | Snack: Green tea + Nuts | Dinner: Soup + Chapati,"Low sugar, low oil, high-fiber meals. Include salads, fruits, and avoid junk food."
26,25-34,Male,Obesity,"Heart disease, Sleep apnea, Liver problems, Anxiety, Depression","Strictly avoid junk food, focus on low-calorie diet, consult doctor for weight management.",High,Breakfast: Dalia + Fruit | Lunch: Roti + Veg | Snack: Green tea | Dinner: Soup + Salad,"Low-carb, low-fat diet. Avoid fried foods, sugary drinks, and eat small portions frequently."
23,18-24,Male,Underweight,"Anemia, Vitamin deficiency, Low muscle mass, Fatigue, Anxiety, Weak immunity",Increase calorie intake with protein & dairy; eat small meals often and do strength exercises.,Medium,"Breakfast: Milk + Banana + Boiled eggs | Lunch: Paneer, Rice, Dal | Snack: Nuts, Smoothie | Dinner: Chapati + Chicken/Paneer curry","High-calorie, high-protein diet (milk, eggs, nuts, paneer, whole grains). Eat every 3–4 hours."
48,45-54,Male,Obesity,"Cardiac disease, Stroke, Depression, Chronic fatigue","Strictly avoid junk food, focus on low-calorie diet, consult doctor for weight management.",High,Breakfast: Oats | Lunch: Roti + Veg | Snack: Seeds | Dinner: Soup + Salad,"Low-carb, low-fat diet. Avoid fried foods, sugary drinks, and eat small portions frequently."
21,18-24,Female,Underweight,"Iron deficiency, Hormonal imbalance, Irregular periods, Anxiety, Hair loss",Increase calorie intake with protein & dairy; eat small meals often and do strength exercises.,Medium,Breakfast: Oats + Milk | Lunch: Rice + Dal + Paneer | Snack: Fruit | Dinner: Chapati + Veg + Paneer,"High-calorie, high-protein diet (milk, eggs, nuts, paneer, whole grains). Eat every 3–4 hours."
40,35-44,Female,Normal,"Healthy, but screen for thyroid/menstrual health",Maintain balanced diet and regular exercise; ensure hydration and proper sleep.,Low,Breakfast: Dosa + Milk | Lunch: Roti + Dal + Veg | Snack: Fruit | Dinner: Soup + Chapati,"Balanced diet with fruits, vegetables, whole grains, and yoga/exercise 30 min daily."
25,25-34,Female,Underweight,"PCOD, Fatigue, Irregular cycles, Anemia, Anxiety",Increase calorie intake with protein & dairy; eat small meals often and do strength exercises.,Medium,Breakfast: Milk + Dry fruits | Lunch: Dal + Chapati + Salad | Snack: Yogurt + Nuts | Dinner: Khichdi + Ghee,"High-calorie, high-protein diet (milk, eggs, nuts, paneer, whole grains). Eat every 3–4 hours."
26,25-34,Male,Obesity,"Heart disease, Sleep apnea, Liver problems, Anxiety, Depression","Strictly avoid junk food, focus on low-calorie diet, consult doctor for weight management.",High,Breakfast: Dalia + Fruit | Lunch: Roti + Veg | Snack: Green tea | Dinner: Soup + Salad,"Low-carb, low-fat diet. Avoid fried foods, sugary drinks, and eat small portions frequently."
59,55-60,Female,Normal,"Healthy, maintain calcium & heart care",Maintain balanced diet and regular exercise; ensure hydration and proper sleep.,Low,Breakfast: Oats + Milk | Lunch: Rice + Veg dal | Snack: Boiled egg/Paneer | Dinner: Soup + Roti,"Balanced diet with fruits, vegetables, whole grains, and yoga/exercise 30 min daily."
23,18-24,Male,Obesity,"Type 2 Diabetes, Sleep apnea, Heart strain, Liver disease, Depression","Strictly avoid junk food, focus on low-calorie diet, consult doctor for weight management.",High,Breakfast: Oats + Green tea | Lunch: Brown rice + Dal + Veg | Snack: Fruit | Dinner: Soup + Salad,"Low-carb, low-fat diet. Avoid fried foods, sugary drinks, and eat small portions frequently."
35,35-44,Male,Obesity,"Diabetes, Sleep apnea, Cardiac disease, Liver cirrhosis, Depression","Strictly avoid junk food, focus on low-calorie diet, consult doctor for weight management.",High,Breakfast: Oats | Lunch: Brown rice + Veg | Snack: Nuts | Dinner: Soup + Salad,"Low-carb, low-fat diet. Avoid fried foods, sugary drinks, and eat small portions frequently."
44,35-44,Male,Normal,"Healthy, but rising risk of hypertension and liver fat",Maintain balanced diet and regular exercise; ensure hydration and proper sleep.,Low,Breakfast: Poha + Milk | Lunch: Roti + Dal + Veg | Snack: Fruit | Dinner: Khichdi + Curd,"Balanced diet with fruits, vegetables, whole grains, and yoga/exercise 30 min daily."
32,25-34,Male,Normal,"Healthy, mild stress or work pressure possible",Maintain balanced diet and regular exercise; ensure hydration and proper sleep.,Low,Breakfast: Brown bread + Eggs | Lunch: Roti + Chicken + Veg | Snack: Nuts | Dinner: Soup + Chapati,"Balanced diet with fruits, vegetables, whole grains, and yoga/exercise 30 min daily."
27,25-34,Male,Obesity,"Heart disease, Sleep apnea, Liver problems, Anxiety, Depression","Strictly avoid junk food, focus on low-calorie diet, consult doctor for weight management.",High,Breakfast: Dalia + Fruit | Lunch: Roti + Veg | Snack: Green tea | Dinner: Soup + Salad,"Low-carb, low-fat diet. Avoid fried foods, sugary drinks, and eat small portions frequently."
55,55-60,Male,Normal,"Healthy aging, maintain diet & walk",Maintain balanced diet and regular exercise; ensure hydration and proper sleep.,Low,Breakfast: Dalia + Milk | Lunch: Soft rice + Dal | Snack: Fruit | Dinner: Soup + Roti,"Balanced diet with fruits, vegetables, whole grains, and yoga/exercise 30 min daily."
49,45-54,Female,Underweight,"Osteoporosis, Hormone imbalance, Stress",Increase calorie intake with protein & dairy; eat small meals often and do strength exercises.,Medium,Breakfast: Poha + Milk | Lunch: Khichdi + Dal | Snack: Banana | Dinner: Soup + Roti,"High-calorie, high-protein diet (milk, eggs, nuts, paneer, whole grains). Eat every 3–4 hours."
22,18-24,Male,Normal,"Healthy, possible stress or mild anxiety due to lifestyle",Maintain balanced diet and regular exercise; ensure hydration and proper sleep.,Low,Breakfast: Oats + Milk | Lunch: Roti + Veg + Dal | Snack: Fruit | Dinner: Rice + Dal + Salad,"Balanced diet with fruits, vegetables, whole grains, and yoga/exercise 30 min daily."
59,55-60,Female,Overweight,"BP, Diabetes, Joint pain, Anxiety","Control portion size, reduce sugar and oil; prefer high-fiber meals and daily walks.",Medium,Breakfast: Dalia | Lunch: Soft rice + Dal | Snack: Fruit | Dinner: Soup,"Low sugar, low oil, high-fiber meals. Include salads, fruits, and avoid junk food."
55,55-60,Female,Underweight,"Osteoporosis, Menopause fatigue, Weak immunity",Increase calorie intake with protein & dairy; eat small meals often and do strength exercises.,Medium,Breakfast: Oats + Milk | Lunch: Rice + Dal | Snack: Boiled egg/Paneer | Dinner: Soft khichdi,"High-calorie, high-protein diet (milk, eggs, nuts, paneer, whole grains). Eat every 3–4 hours."
38,35-44,Male,Normal,"Healthy, but rising risk of hypertension and liver fat",Maintain balanced diet and regular exercise; ensure hydration and proper sleep.,Low,Breakfast: Poha + Milk | Lunch: Roti + Dal + Veg | Snack: Fruit | Dinner: Khichdi + Curd,"Balanced diet with fruits, vegetables, whole grains, and yoga/exercise 30 min daily."
46,45-54,Male,Underweight,"Muscle loss, Nutrient deficiency, Stress",Increase calorie intake with protein & dairy; eat small meals often and do strength exercises.,Medium,Breakfast: Oats + Milk | Lunch: Dal + Rice + Veg | Snack: Fruit + Seeds | Dinner: Chapati + Paneer/Tofu,"High-calorie, high-protein diet (milk, eggs, nuts, paneer, whole grains). Eat every 3–4 hours."
21,18-24,Male,Overweight,"Early hypertension, Fatty liver, Insulin resistance, Tension, Sleep disturbance","Control portion size, reduce sugar and oil; prefer high-fiber meals and daily walks.",Medium,Breakfast: Oats + Fruit | Lunch: Brown rice + Veg + Dal | Snack: Green tea + Nuts | Dinner: Soup + Chapati,"Low sugar, low oil, high-fiber meals. Include salads, fruits, and avoid junk food."
46,45-54,Female,Normal,"Healthy, menopause-related changes",Maintain balanced diet and regular exercise; ensure hydration and proper sleep.,Low,Breakfast: Idli + Chutney | Lunch: Brown rice + Dal | Snack: Seeds + Fruit | Dinner: Khichdi,"Balanced diet with fruits, vegetables, whole grains, and yoga/exercise 30 min daily."
55,55-60,Male,Overweight,"High BP, Diabetes, Cardiac strain, Liver issues","Control portion size, reduce sugar and oil; prefer high-fiber meals and daily walks.",Medium,Breakfast: Soft oats | Lunch: Dal + Veg | Snack: Fruit | Dinner: Soup + Roti,"Low sugar, low oil, high-fiber meals. Include salads, fruits, and avoid junk food."
51,45-54,Female,Overweight,"Thyroid, Diabetes, Joint stiffness, Anxiety","Control portion size, reduce sugar and oil; prefer high-fiber meals and daily walks.",Medium,Breakfast: Oats + Milk | Lunch: Roti + Dal | Snack: Seeds | Dinner: Light Veg soup,"Low sugar, low oil, high-fiber meals. Include salads, fruits, and avoid junk food."
48,45-54,Male,Obesity,"Cardiac disease, Stroke, Depression, Chronic fatigue","Strictly avoid junk food, focus on low-calorie diet, consult doctor for weight management.",High,Breakfast: Oats | Lunch: Roti + Veg | Snack: Seeds | Dinner: Soup + Salad,"Low-carb, low-fat diet. Avoid fried foods, sugary drinks, and eat small portions frequently."
42,35-44,Female,Normal,"Healthy, but screen for thyroid/menstrual health",Maintain balanced diet and regular exercise; ensure hydration and proper sleep.,Low,Breakfast: Dosa + Milk | Lunch: Roti + Dal + Veg | Snack: Fruit | Dinner: Soup + Chapati,"Balanced diet with fruits, vegetables, whole grains, and yoga/exercise 30 min daily."
25,25-34,Female,Underweight,"PCOD, Fatigue, Irregular cycles, Anemia, Anxiety",Increase calorie intake with protein & dairy; eat small meals often and do strength exercises.,Medium,Breakfast: Milk + Dry fruits | Lunch: Dal + Chapati + Salad | Snack: Yogurt + Nuts | Dinner: Khichdi + Ghee,"High-calorie, high-protein diet (milk, eggs, nuts, paneer, whole grains). Eat every 3–4 hours."
27,25-34,Female,Normal,"Healthy, maintain balanced diet, mild stress risk",Maintain balanced diet and regular exercise; ensure hydration and proper sleep.,Low,Breakfast: Poha + Milk | Lunch: Roti + Veg + Salad | Snack: Yogurt | Dinner: Khichdi + Curd,"Balanced diet with fruits, vegetables, whole grains, and yoga/exercise 30 min daily."
56,55-60,Male,Normal,"Healthy aging, maintain diet & walk",Maintain balanced diet and regular exercise; ensure hydration and proper sleep.,Low,Breakfast: Dalia + Milk | Lunch: Soft rice + Dal | Snack: Fruit | Dinner: Soup + Roti,"Balanced diet with fruits, vegetables, whole grains, and yoga/exercise 30 min daily."
56,55-60,Female,Normal,"Healthy, maintain calcium & heart care",Maintain balanced diet and regular exercise; ensure hydration and proper sleep.,Low,Breakfast: Oats + Milk | Lunch: Rice + Veg dal | Snack: Boiled egg/Paneer | Dinner: Soup + Roti,"Balanced diet with fruits, vegetables, whole grains, and yoga/exercise 30 min daily."
38,35-44,Male,Obesity,"Diabetes, Sleep apnea, Cardiac disease, Liver cirrhosis, Depression","Strictly avoid junk food, focus on low-calorie diet, consult doctor for weight management.",High,Breakfast: Oats | Lunch: Brown rice + Veg | Snack: Nuts | Dinner: Soup + Salad,"Low-carb, low-fat diet. Avoid fried foods, sugary drinks, and eat small portions frequently."
21,18-24,Female,Overweight,"PCOS, Thyroid imbalance, Insulin resistance, Mental tension","Control portion size, reduce sugar and oil; prefer high-fiber meals and daily walks.",Medium,Breakfast: Oats + Fruit | Lunch: Brown rice + Veg | Snack: Nuts | Dinner: Soup + Roti,"Low sugar, low oil, high-fiber meals. Include salads, fruits, and avoid junk food."
31,25-34,Male,Overweight,"High BP, Early diabetes, Fatty liver, Gastric issues, Mental tension","Control portion size, reduce sugar and oil; prefer high-fiber meals and daily walks.",Medium,Breakfast: Poha + Tea | Lunch: Roti + Veg curry | Snack: Fruit | Dinner: Khichdi + Salad,"Low sugar, low oil, high-fiber meals. Include salads, fruits, and avoid junk food."
35,35-44,Female,Underweight,"Osteopenia, Hormonal issues, Fatigue, Nutritional deficiency",Increase calorie intake with protein & dairy; eat small meals often and do strength exercises.,Medium,Breakfast: Idli + Coconut chutney | Lunch: Dal rice + Veg | Snack: Fruit smoothie | Dinner: Chapati + Paneer,"High-calorie, high-protein diet (milk, eggs, nuts, paneer, whole grains). Eat every 3–4 hours."
21,18-24,Female,Underweight,"Iron deficiency, Hormonal imbalance, Irregular periods, Anxiety, Hair loss",Increase calorie intake with protein & dairy; eat small meals often and do strength exercises.,Medium,Breakfast: Oats + Milk | Lunch: Rice + Dal + Paneer | Snack: Fruit | Dinner: Chapati + Veg + Paneer,"High-calorie, high-protein diet (milk, eggs, nuts, paneer, whole grains). Eat every 3–4 hours."
54,45-54,Female,Overweight,"Thyroid, Diabetes, Joint stiffness, Anxiety","Control portion size, reduce sugar and oil; prefer high-fiber meals and daily walks.",Medium,Breakfast: Oats + Milk | Lunch: Roti + Dal | Snack: Seeds | Dinner: Light Veg soup,"Low sugar, low oil, high-fiber meals. Include salads, fruits, and avoid junk food."
49,45-54,Female,Normal,"Healthy, menopause-related changes",Maintain balanced diet and regular exercise; ensure hydration and proper sleep.,Low,Breakfast: Idli + Chutney | Lunch: Brown rice + Dal | Snack: Seeds + Fruit | Dinner: Khichdi,"Balanced diet with fruits, vegetables, whole grains, and yoga/exercise 30 min daily."
53,45-54,Female,Normal,"Healthy, menopause-related changes",Maintain balanced diet and regular exercise; ensure hydration and proper sleep.,Low,Breakfast: Idli + Chutney | Lunch: Brown rice + Dal | Snack: Seeds + Fruit | Dinner: Khichdi,"Balanced diet with fruits, vegetables, whole grains, and yoga/exercise 30 min daily."
21,18-24,Male,Overweight,"Early hypertension, Fatty liver, Insulin resistance, Tension, Sleep disturbance","Control portion size, reduce sugar and oil; prefer high-fiber meals and daily walks.",Medium,Breakfast: Oats + Fruit | Lunch: Brown rice + Veg + Dal | Snack: Green tea + Nuts | Dinner: Soup + Chapati,"Low sugar, low oil, high-fiber meals. Include salads, fruits, and avoid junk food."
18,18-24,Female,Overweight,"PCOS, Thyroid imbalance, Insulin resistance, Mental tension","Control portion size, reduce sugar and oil; prefer high-fiber meals and daily walks.",Medium,Breakfast: Oats + Fruit | Lunch: Brown rice + Veg | Snack: Nuts | Dinner: Soup + Roti,"Low sugar, low oil, high-fiber meals. Include salads, fruits, and avoid junk food."
43,35-44,Female,Overweight,"Thyroid issues, PCOS, Joint pain, Hypertension","Control portion size, reduce sugar and oil; prefer high-fiber meals and daily walks.",Medium,Breakfast: Poha + Tea | Lunch: Rice + Veg | Snack: Salad | Dinner: Soup + Khichdi,"Low sugar, low oil, high-fiber meals. Include salads, fruits, and avoid junk food."
56,55-60,Male,Obesity,"Heart failure, Stroke, Chronic diabetes, Anxiety, Arthritis","Strictly avoid junk food, focus on low-calorie diet, consult doctor for weight management.",High,Breakfast: Porridge | Lunch: Dal + Veg | Snack: Fruit | Dinner: Soup,"Low-carb, low-fat diet. Avoid fried foods, sugary drinks, and eat small portions frequently."
26,25-34,Male,Overweight,"High BP, Early diabetes, Fatty liver, Gastric issues, Mental tension","Control portion size, reduce sugar and oil; prefer high-fiber meals and daily walks.",Medium,Breakfast: Poha + Tea | Lunch: Roti + Veg curry | Snack: Fruit | Dinner: Khichdi + Salad,"Low sugar, low oil, high-fiber meals. Include salads, fruits, and avoid junk food."
21,18-24,Male,Normal,"Healthy, possible stress or mild anxiety due to lifestyle",Maintain balanced diet and regular exercise; ensure hydration and proper sleep.,Low,Breakfast: Oats + Milk | Lunch: Roti + Veg + Dal | Snack: Fruit | Dinner: Rice + Dal + Salad,"Balanced diet with fruits, vegetables, whole grains, and yoga/exercise 30 min daily."
37,35-44,Male,Obesity,"Diabetes, Sleep apnea, Cardiac disease, Liver cirrhosis, Depression","Strictly avoid junk food, focus on low-calorie diet, consult doctor for weight management.",High,Breakfast: Oats | Lunch: Brown rice + Veg | Snack: Nuts | Dinner: Soup + Salad,"Low-carb, low-fat diet. Avoid fried foods, sugary drinks, and eat small portions frequently."
28,25-34,Male,Obesity,"Heart disease, Sleep apnea, Liver problems, Anxiety, Depression","Strictly avoid junk food, focus on low-calorie diet, consult doctor for weight management.",High,Breakfast: Dalia + Fruit | Lunch: Roti + Veg | Snack: Green tea | Dinner: Soup + Salad,"Low-carb, low-fat diet. Avoid fried foods, sugary drinks, and eat small portions frequently."
39,35-44,Female,Overweight,"Thyroid issues, PCOS, Joint pain, Hypertension","Control portion size, reduce sugar and oil; prefer high-fiber meals and daily walks.",Medium,Breakfast: Poha + Tea | Lunch: Rice + Veg | Snack: Salad | Dinner: Soup + Khichdi,"Low sugar, low oil, high-fiber meals. Include salads, fruits, and avoid junk food."
43,35-44,Male,Obesity,"Diabetes, Sleep apnea, Cardiac disease, Liver cirrhosis, Depression","Strictly avoid junk food, focus on low-calorie diet, consult doctor for weight management.",High,Breakfast: Oats | Lunch: Brown rice + Veg | Snack: Nuts | Dinner: Soup + Salad,"Low-carb, low-fat diet. Avoid fried foods, sugary drinks, and eat small portions frequently."
30,25-34,Male,Obesity,"Heart disease, Sleep apnea, Liver problems, Anxiety, Depression","Strictly avoid junk food, focus on low-calorie diet, consult doctor for weight management.",High,Breakfast: Dalia + Fruit | Lunch: Roti + Veg | Snack: Green tea | Dinner: Soup + Salad,"Low-carb, low-fat diet. Avoid fried foods, sugary drinks, and eat small portions frequently."
39,35-44,Female,Normal,"Healthy, but screen for thyroid/menstrual health",Maintain balanced diet and regular exercise; ensure hydration and proper sleep.,Low,Breakfast: Dosa + Milk | Lunch: Roti + Dal + Veg | Snack: Fruit | Dinner: Soup + Chapati,"Balanced diet with fruits, vegetables, whole grains, and yoga/exercise 30 min daily."
48,45-54,Female,Underweight,"Osteoporosis, Hormone imbalance, Stress",Increase calorie intake with protein & dairy; eat small meals often and do strength exercises.,Medium,Breakfast: Poha + Milk | Lunch: Khichdi + Dal | Snack: Banana | Dinner: Soup + Roti,"High-calorie, high-protein diet (milk, eggs, nuts, paneer, whole grains). Eat every 3–4 hours."
40,35-44,Male,Overweight,"Hypertension, Cholesterol, Fatty liver, Anxiety","Control portion size, reduce sugar and oil; prefer high-fiber meals and daily walks.",Medium,Breakfast: Oats + Milk | Lunch: Roti + Dal + Veg | Snack: Green tea | Dinner: Soup + Roti,"Low sugar, low oil, high-fiber meals. Include salads, fruits, and avoid junk food."
52,45-54,Male,Underweight,"Muscle loss, Nutrient deficiency, Stress",Increase calorie intake with protein & dairy; eat small meals often and do strength exercises.,Medium,Breakfast: Oats + Milk | Lunch: Dal + Rice + Veg | Snack: Fruit + Seeds | Dinner: Chapati + Paneer/Tofu,"High-calorie, high-protein diet (milk, eggs, nuts, paneer, whole grains). Eat every 3–4 hours."
58,55-60,Male,Obesity,"Heart failure, Stroke, Chronic diabetes, Anxiety, Arthritis","Strictly avoid junk food, focus on low-calorie diet, consult doctor for weight management.",High,Breakfast: Porridge | Lunch: Dal + Veg | Snack: Fruit | Dinner: Soup,"Low-carb, low-fat diet. Avoid fried foods, sugary drinks, and eat small portions frequently."
54,45-54,Female,Obesity,"Hypertension, Type 2 Diabetes, Heart issues, Depression, Liver problems","Strictly avoid junk food, focus on low-calorie diet, consult doctor for weight management.",High,Breakfast: Oats | Lunch: Roti + Dal  | Snack: Seeds | Dinner: Soup,"Low-carb, low-fat diet. Avoid fried foods, sugary drinks, and eat small portions frequently."
19,18-24,Male,Obesity,"Type 2 Diabetes, Sleep apnea, Heart strain, Liver disease, Depression","Strictly avoid junk food, focus on low-calorie diet, consult doctor for weight management.",High,Breakfast: Oats + Green tea | Lunch: Brown rice + Dal + Veg | Snack: Fruit | Dinner: Soup + Salad,"Low-carb, low-fat diet. Avoid fried foods, sugary drinks, and eat small portions frequently."
58,55-60,Male,Normal,"Healthy aging, maintain diet & walk",Maintain balanced diet and regular exercise; ensure hydration and proper sleep.,Low,Breakfast: Dalia + Milk | Lunch: Soft rice + Dal | Snack: Fruit | Dinner: Soup + Roti,"Balanced diet with fruits, vegetables, whole grains, and yoga/exercise 30 min daily."
18,18-24,Male,Normal,"Healthy, possible stress or mild anxiety due to lifestyle",Maintain balanced diet and regular exercise; ensure hydration and proper sleep.,Low,Breakfast: Oats + Milk | Lunch: Roti + Veg + Dal | Snack: Fruit | Dinner: Rice + Dal + Salad,"Balanced diet with fruits, vegetables, whole grains, and yoga/exercise 30 min daily."
38,35-44,Male,Overweight,"Hypertension, Cholesterol, Fatty liver, Anxiety","Control portion size, reduce sugar and oil; prefer high-fiber meals and daily walks.",Medium,Breakfast: Oats + Milk | Lunch: Roti + Dal + Veg | Snack: Green tea | Dinner: Soup + Roti,"Low sugar, low oil, high-fiber meals. Include salads, fruits, and avoid junk food."
27,25-34,Male,Underweight,"Weak immunity, Muscle loss, Nutrient deficiency, Anxiety, Fatigue",Increase calorie intake with protein & dairy; eat small meals often and do strength exercises.,Medium,Breakfast: Paratha + Curd | Lunch: Dal rice + Paneer | Snack: Peanut butter toast | Dinner: Roti + Green vegi/Chicken/Fish + Veggies,"High-calorie, high-protein diet (milk, eggs, nuts, paneer, whole grains). Eat every 3–4 hours."
58,55-60,Male,Overweight,"High BP, Diabetes, Cardiac strain, Liver issues","Control portion size, reduce sugar and oil; prefer high-fiber meals and daily walks.",Medium,Breakfast: Soft oats | Lunch: Dal + Veg | Snack: Fruit | Dinner: Soup + Roti,"Low sugar, low oil, high-fiber meals. Include salads, fruits, and avoid junk food."
43,35-44,Female,Underweight,"Osteopenia, Hormonal issues, Fatigue, Nutritional deficiency",Increase calorie intake with protein & dairy; eat small meals often and do strength exercises.,Medium,Breakfast: Idli + Coconut chutney | Lunch: Dal rice + Veg | Snack: Fruit smoothie | Dinner: Chapati + Paneer,"High-calorie, high-protein diet (milk, eggs, nuts, paneer, whole grains). Eat every 3–4 hours."
58,55-60,Female,Overweight,"BP, Diabetes, Joint pain, Anxiety","Control portion size, reduce sugar and oil; prefer high-fiber meals and daily walks.",Medium,Breakfast: Dalia | Lunch: Soft rice + Dal | Snack: Fruit | Dinner: Soup,"Low sugar, low oil, high-fiber meals. Include salads, fruits, and avoid junk food."
35,35-44,Female,Normal,"Healthy, but screen for thyroid/menstrual health",Maintain balanced diet and regular exercise; ensure hydration and proper sleep.,Low,Breakfast: Dosa + Milk | Lunch: Roti + Dal + Veg | Snack: Fruit | Dinner: Soup + Chapati,"Balanced diet with fruits, vegetables, whole grains, and yoga/exercise 30 min daily."
34,25-34,Male,Normal,"Healthy, mild stress or work pressure possible",Maintain balanced diet and regular exercise; ensure hydration and proper sleep.,Low,Breakfast: Brown bread + Eggs | Lunch: Roti + Chicken + Veg | Snack: Nuts | Dinner: Soup + Chapati,"Balanced diet with fruits, vegetables, whole grains, and yoga/exercise 30 min daily."
30,25-34,Male,Underweight,"Weak immunity, Muscle loss, Nutrient deficiency, Anxiety, Fatigue",Increase calorie intake with protein & dairy; eat small meals often and do strength exercises.,Medium,Breakfast: Paratha + Curd | Lunch: Dal rice + Paneer | Snack: Peanut butter toast | Dinner: Roti + Green vegi/Chicken/Fish + Veggies,"High-calorie, high-protein diet (milk, eggs, nuts, paneer, whole grains). Eat every 3–4 hours."
58,55-60,Female,Obesity,"Heart disease, Arthritis, Stroke risk, Depression","Strictly avoid junk food, focus on low-calorie diet, consult doctor for weight management.",High,Breakfast: Porridge | Lunch: Soft rice + Veg | Snack: Fruit | Dinner: Soup,"Low-carb, low-fat diet. Avoid fried foods, sugary drinks, and eat small portions frequently."
50,45-54,Female,Overweight,"Thyroid, Diabetes, Joint stiffness, Anxiety","Control portion size, reduce sugar and oil; prefer high-fiber meals and daily walks.",Medium,Breakfast: Oats + Milk | Lunch: Roti + Dal | Snack: Seeds | Dinner: Light Veg soup,"Low sugar, low oil, high-fiber meals. Include salads, fruits, and avoid junk food."
57,55-60,Female,Normal,"Healthy, maintain calcium & heart care",Maintain balanced diet and regular exercise; ensure hydration and proper sleep.,Low,Breakfast: Oats + Milk | Lunch: Rice + Veg dal | Snack: Boiled egg/Paneer | Dinner: Soup + Roti,"Balanced diet with fruits, vegetables, whole grains, and yoga/exercise 30 min daily."
18,18-24,Female,Underweight,"Iron deficiency, Hormonal imbalance, Irregular periods, Anxiety, Hair loss",Increase calorie intake with protein & dairy; eat small meals often and do strength exercises.,Medium,Breakfast: Oats + Milk | Lunch: Rice + Dal + Paneer | Snack: Fruit | Dinner: Chapati + Veg + Paneer,"High-calorie, high-protein diet (milk, eggs, nuts, paneer, whole grains). Eat every 3–4 hours."
48,45-54,Female,Underweight,"Osteoporosis, Hormone imbalance, Stress",Increase calorie intake with protein & dairy; eat small meals often and do strength exercises.,Medium,Breakfast: Poha + Milk | Lunch: Khichdi + Dal | Snack: Banana | Dinner: Soup + Roti,"High-calorie, high-protein diet (milk, eggs, nuts, paneer, whole grains). Eat every 3–4 hours."
24,18-24,Female,Normal,"Healthy, maintain fitness & hydration",Maintain balanced diet and regular exercise; ensure hydration and proper sleep.,Low,Breakfast: Oats + Fruit | Lunch: Rice + Veg curry | Snack: Nuts | Dinner: Chapati + Dal,"Balanced diet with fruits, vegetables, whole grains, and yoga/exercise 30 min daily."
44,35-44,Male,Normal,"Healthy, but rising risk of hypertension and liver fat",Maintain balanced diet and regular exercise; ensure hydration and proper sleep.,Low,Breakfast: Poha + Milk | Lunch: Roti + Dal + Veg | Snack: Fruit | Dinner: Khichdi + Curd,"Balanced diet with fruits, vegetables, whole grains, and yoga/exercise 30 min daily."
47,45-54,Female,Underweight,"Osteoporosis, Hormone imbalance, Stress",Increase calorie intake with protein & dairy; eat small meals often and do strength exercises.,Medium,Breakfast: Poha + Milk | Lunch: Khichdi + Dal | Snack: Banana | Dinner: Soup + Roti,"High-calorie, high-protein diet (milk, eggs, nuts, paneer, whole grains). Eat every 3–4 hours."
36,35-44,Female,Overweight,"Thyroid issues, PCOS, Joint pain, Hypertension","Control portion size, reduce sugar and oil; prefer high-fiber meals and daily walks.",Medium,Breakfast: Poha + Tea | Lunch: Rice + Veg | Snack: Salad | Dinner: Soup + Khichdi,"Low sugar, low oil, high-fiber meals. Include salads, fruits, and avoid junk food."
27,25-34,Male,Overweight,"High BP, Early diabetes, Fatty liver, Gastric issues, Mental tension","Control portion size, reduce sugar and oil; prefer high-fiber meals and daily walks.",Medium,Breakfast: Poha + Tea | Lunch: Roti + Veg curry | Snack: Fruit | Dinner: Khichdi + Salad,"Low sugar, low oil, high-fiber meals. Include salads, fruits, and avoid junk food."
46,45-54,Male,Underweight,"Muscle loss, Nutrient deficiency, Stress",Increase calorie intake with protein & dairy; eat small meals often and do strength exercises.,Medium,Breakfast: Oats + Milk | Lunch: Dal + Rice + Veg | Snack: Fruit + Seeds | Dinner: Chapati + Paneer/Tofu,"High-calorie, high-protein diet (milk, eggs, nuts, paneer, whole grains). Eat every 3–4 hours."
51,45-54,Female,Normal,"Healthy, menopause-related changes",Maintain balanced diet and regular exercise; ensure hydration and proper sleep.,Low,Breakfast: Idli + Chutney | Lunch: Brown rice + Dal | Snack: Seeds + Fruit | Dinner: Khichdi,"Balanced diet with fruits, vegetables, whole grains, and yoga/exercise 30 min daily."
30,25-34,Male,Normal,"Healthy, mild stress or work pressure possible",Maintain balanced diet and regular exercise; ensure hydration and proper sleep.,Low,Breakfast: Brown bread + Eggs | Lunch: Roti + Chicken + Veg | Snack: Nuts | Dinner: Soup + Chapati,"Balanced diet with fruits, vegetables, whole grains, and yoga/exercise 30 min daily."
36,35-44,Female,Obesity,"Diabetes, Hypertension, Breast cancer risk, Anxiety, Heart strain","Strictly avoid junk food, focus on low-calorie diet, consult doctor for weight management.",High,Breakfast: Dalia | Lunch: Brown rice + Veg | Snack: Fruit | Dinner: Soup,"Low-carb, low-fat diet. Avoid fried foods, sugary drinks, and eat small portions frequently."
32,25-34,Male,Normal,"Healthy, mild stress or work pressure possible",Maintain balanced diet and regular exercise; ensure hydration and proper sleep.,Low,Breakfast: Brown bread + Eggs | Lunch: Roti + Chicken + Veg | Snack: Nuts | Dinner: Soup + Chapati,"Balanced diet with fruits, vegetables, whole grains, and yoga/exercise 30 min daily."
40,35-44,Male,Normal,"Healthy, but rising risk of hypertension and liver fat",Maintain balanced diet and regular exercise; ensure hydration and proper sleep.,Low,Breakfast: Poha + Milk | Lunch: Roti + Dal + Veg | Snack: Fruit | Dinner: Khichdi + Curd,"Balanced diet with fruits, vegetables, whole grains, and yoga/exercise 30 min daily."
47,45-54,Male,Underweight,"Muscle loss, Nutrient deficiency, Stress",Increase calorie intake with protein & dairy; eat small meals often and do strength exercises.,Medium,Breakfast: Oats + Milk | Lunch: Dal + Rice + Veg | Snack: Fruit + Seeds | Dinner: Chapati + Paneer/Tofu,"High-calorie, high-protein diet (milk, eggs, nuts, paneer, whole grains). Eat every 3–4 hours."
52,45-54,Male,Overweight,"Hypertension, Diabetes, Fatty liver, Anxiety, Joint pain","Control portion size, reduce sugar and oil; prefer high-fiber meals and daily walks.",Medium,Breakfast: Dalia + Fruit | Lunch: Roti + Veg | Snack: Nuts | Dinner: Light khichdi,"Low sugar, low oil, high-fiber meals. Include salads, fruits, and avoid junk food."
49,45-54,Female,Underweight,"Osteoporosis, Hormone imbalance, Stress",Increase calorie intake with protein & dairy; eat small meals often and do strength exercises.,Medium,Breakfast: Poha + Milk | Lunch: Khichdi + Dal | Snack: Banana | Dinner: Soup + Roti,"High-calorie, high-protein diet (milk, eggs, nuts, paneer, whole grains). Eat every 3–4 hours."
54,45-54,Female,Obesity,"Hypertension, Type 2 Diabetes, Heart issues, Depression, Liver problems","Strictly avoid junk food, focus on low-calorie diet, consult doctor for weight management.",High,Breakfast: Oats | Lunch: Roti + Dal  | Snack: Seeds | Dinner: Soup,"Low-carb, low-fat diet. Avoid fried foods, sugary drinks, and eat small portions frequently."
60,55-60,Female,Obesity,"Heart disease, Arthritis, Stroke risk, Depression","Strictly avoid junk food, focus on low-calorie diet, consult doctor for weight management.",High,Breakfast: Porridge | Lunch: Soft rice + Veg | Snack: Fruit | Dinner: Soup,"Low-carb, low-fat diet. Avoid fried foods, sugary drinks, and eat small portions frequently."
28,25-34,Male,Obesity,"Heart disease, Sleep apnea, Liver problems, Anxiety, Depression","Strictly avoid junk food, focus on low-calorie diet, consult doctor for weight management.",High,Breakfast: Dalia + Fruit | Lunch: Roti + Veg | Snack: Green tea | Dinner: Soup + Salad,"Low-carb, low-fat diet. Avoid fried foods, sugary drinks, and eat small portions frequently."
58,55-60,Female,Overweight,"BP, Diabetes, Joint pain, Anxiety","Control portion size, reduce sugar and oil; prefer high-fiber meals and daily walks.",Medium,Breakfast: Dalia | Lunch: Soft rice + Dal | Snack: Fruit | Dinner: Soup,"Low sugar, low oil, high-fiber meals. Include salads, fruits, and avoid junk food."
20,18-24,Female,Overweight,"PCOS, Thyroid imbalance, Insulin resistance, Mental tension","Control portion size, reduce sugar and oil; prefer high-fiber meals and daily walks.",Medium,Breakfast: Oats + Fruit | Lunch: Brown rice + Veg | Snack: Nuts | Dinner: Soup + Roti,"Low sugar, low oil, high-fiber meals. Include salads, fruits, and avoid junk food."
58,55-60,Male,Normal,"Healthy aging, maintain diet & walk",Maintain balanced diet and regular exercise; ensure hydration and proper sleep.,Low,Breakfast: Dalia + Milk | Lunch: Soft rice + Dal | Snack: Fruit | Dinner: Soup + Roti,"Balanced diet with fruits, vegetables, whole grains, and yoga/exercise 30 min daily."
38,35-44,Male,Normal,"Healthy, but rising risk of hypertension and liver fat",Maintain balanced diet and regular exercise; ensure hydration and proper sleep.,Low,Breakfast: Poha + Milk | Lunch: Roti + Dal + Veg | Snack: Fruit | Dinner: Khichdi + Curd,"Balanced diet with fruits, vegetables, whole grains, and yoga/exercise 30 min daily."
32,25-34,Female,Normal,"Healthy, maintain balanced diet, mild stress risk",Maintain balanced diet and regular exercise; ensure hydration and proper sleep.,Low,Breakfast: Poha + Milk | Lunch: Roti + Veg + Salad | Snack: Yogurt | Dinner: Khichdi + Curd,"Balanced diet with fruits, vegetables, whole grains, and yoga/exercise 30 min daily."
24,18-24,Female,Overweight,"PCOS, Thyroid imbalance, Insulin resistance, Mental tension","Control portion size, reduce sugar and oil; prefer high-fiber meals and daily walks.",Medium,Breakfast: Oats + Fruit | Lunch: Brown rice + Veg | Snack: Nuts | Dinner: Soup + Roti,"Low sugar, low oil, high-fiber meals. Include salads, fruits, and avoid junk food."
20,18-24,Male,Overweight,"Early hypertension, Fatty liver, Insulin resistance, Tension, Sleep disturbance","Control portion size, reduce sugar and oil; prefer high-fiber meals and daily walks.",Medium,Breakfast: Oats + Fruit | Lunch: Brown rice + Veg + Dal | Snack: Green tea + Nuts | Dinner: Soup + Chapati,"Low sugar, low oil, high-fiber meals. Include salads, fruits, and avoid junk food."
33,25-34,Male,Obesity,"Heart disease, Sleep apnea, Liver problems, Anxiety, Depression","Strictly avoid junk food, focus on low-calorie diet, consult doctor for weight management.",High,Breakfast: Dalia + Fruit | Lunch: Roti + Veg | Snack: Green tea | Dinner: Soup + Salad,"Low-carb, low-fat diet. Avoid fried foods, sugary drinks, and eat small portions frequently."
20,18-24,Male,Normal,"Healthy, possible stress or mild anxiety due to lifestyle",Maintain balanced diet and regular exercise; ensure hydration and proper sleep.,Low,Breakfast: Oats + Milk | Lunch: Roti + Veg + Dal | Snack: Fruit | Dinner: Rice + Dal + Salad,"Balanced diet with fruits, vegetables, whole grains, and yoga/exercise 30 min daily."
40,35-44,Female,Underweight,"Osteopenia, Hormonal issues, Fatigue, Nutritional deficiency",Increase calorie intake with protein & dairy; eat small meals often and do strength exercises.,Medium,Breakfast: Idli + Coconut chutney | Lunch: Dal rice + Veg | Snack: Fruit smoothie | Dinner: Chapati + Paneer,"High-calorie, high-protein diet (milk, eggs, nuts, paneer, whole grains). Eat every 3–4 hours."
43,35-44,Female,Overweight,"Thyroid issues, PCOS, Joint pain, Hypertension","Control portion size, reduce sugar and oil; prefer high-fiber meals and daily walks.",Medium,Breakfast: Poha + Tea | Lunch: Rice + Veg | Snack: Salad | Dinner: Soup + Khichdi,"Low sugar, low oil, high-fiber meals. Include salads, fruits, and avoid junk food."
47,45-54,Male,Underweight,"Muscle loss, Nutrient deficiency, Stress",Increase calorie intake with protein & dairy; eat small meals often and do strength exercises.,Medium,Breakfast: Oats + Milk | Lunch: Dal + Rice + Veg | Snack: Fruit + Seeds | Dinner: Chapati + Paneer/Tofu,"High-calorie, high-protein diet (milk, eggs, nuts, paneer, whole grains). Eat every 3–4 hours."
48,45-54,Male,Normal,"Good health, monitor BP and sugar regularly",Maintain balanced diet and regular exercise; ensure hydration and proper sleep.,Low,Breakfast: Oats + Milk | Lunch: Rice + Dal + Veg | Snack: Fruit | Dinner: Roti + Soup,"Balanced diet with fruits, vegetables, whole grains, and yoga/exercise 30 min daily."
23,18-24,Female,Overweight,"PCOS, Thyroid imbalance, Insulin resistance, Mental tension","Control portion size, reduce sugar and oil; prefer high-fiber meals and daily walks.",Medium,Breakfast: Oats + Fruit | Lunch: Brown rice + Veg | Snack: Nuts | Dinner: Soup + Roti,"Low sugar, low oil, high-fiber meals. Include salads, fruits, and avoid junk food."
28,25-34,Male,Overweight,"High BP, Early diabetes, Fatty liver, Gastric issues, Mental tension","Control portion size, reduce sugar and oil; prefer high-fiber meals and daily walks.",Medium,Breakfast: Poha + Tea | Lunch: Roti + Veg curry | Snack: Fruit | Dinner: Khichdi + Salad,"Low sugar, low oil, high-fiber meals. Include salads, fruits, and avoid junk food."
55,55-60,Female,Underweight,"Osteoporosis, Menopause fatigue, Weak immunity",Increase calorie intake with protein & dairy; eat small meals often and do strength exercises.,Medium,Breakfast: Oats + Milk | Lunch: Rice + Dal | Snack: Boiled egg/Paneer | Dinner: Soft khichdi,"High-calorie, high-protein diet (milk, eggs, nuts, paneer, whole grains). Eat every 3–4 hours."
23,18-24,Male,Obesity,"Type 2 Diabetes, Sleep apnea, Heart strain, Liver disease, Depression","Strictly avoid junk food, focus on low-calorie diet, consult doctor for weight management.",High,Breakfast: Oats + Green tea | Lunch: Brown rice + Dal + Veg | Snack: Fruit | Dinner: Soup + Salad,"Low-carb, low-fat diet. Avoid fried foods, sugary drinks, and eat small portions frequently."
41,35-44,Male,Overweight,"Hypertension, Cholesterol, Fatty liver, Anxiety","Control portion size, reduce sugar and oil; prefer high-fiber meals and daily walks.",Medium,Breakfast: Oats + Milk | Lunch: Roti + Dal + Veg | Snack: Green tea | Dinner: Soup + Roti,"Low sugar, low oil, high-fiber meals. Include salads, fruits, and avoid junk food."
58,55-60,Female,Overweight,"BP, Diabetes, Joint pain, Anxiety","Control portion size, reduce sugar and oil; prefer high-fiber meals and daily walks.",Medium,Breakfast: Dalia | Lunch: Soft rice + Dal | Snack: Fruit | Dinner: Soup,"Low sugar, low oil, high-fiber meals. Include salads, fruits, and avoid junk food."
24,18-24,Female,Normal,"Healthy, maintain fitness & hydration",Maintain balanced diet and regular exercise; ensure hydration and proper sleep.,Low,Breakfast: Oats + Fruit | Lunch: Rice + Veg curry | Snack: Nuts | Dinner: Chapati + Dal,"Balanced diet with fruits, vegetables, whole grains, and yoga/exercise 30 min daily."
18,18-24,Male,Underweight,"Anemia, Vitamin deficiency, Low muscle mass, Fatigue, Anxiety, Weak immunity",Increase calorie intake with protein & dairy; eat small meals often and do strength exercises.,Medium,"Breakfast: Milk + Banana + Boiled eggs | Lunch: Paneer, Rice, Dal | Snack: Nuts, Smoothie | Dinner: Chapati + Chicken/Paneer curry","High-calorie, high-protein diet (milk, eggs, nuts, paneer, whole grains). Eat every 3–4 hours."
29,25-34,Male,Normal,"Healthy, mild stress or work pressure possible",Maintain balanced diet and regular exercise; ensure hydration and proper sleep.,Low,Breakfast: Brown bread + Eggs | Lunch: Roti + Chicken + Veg | Snack: Nuts | Dinner: Soup + Chapati,"Balanced diet with fruits, vegetables, whole grains, and yoga/exercise 30 min daily."
27,25-34,Male,Normal,"Healthy, mild stress or work pressure possible",Maintain balanced diet and regular exercise; ensure hydration and proper sleep.,Low,Breakfast: Brown bread + Eggs | Lunch: Roti + Chicken + Veg | Snack: Nuts | Dinner: Soup + Chapati,"Balanced diet with fruits, vegetables, whole grains, and yoga/exercise 30 min daily."
24,18-24,Male,Underweight,"Anemia, Vitamin deficiency, Low muscle mass, Fatigue, Anxiety, Weak immunity",Increase calorie intake with protein & dairy; eat small meals often and do strength exercises.,Medium,"Breakfast: Milk + Banana + Boiled eggs | Lunch: Paneer, Rice, Dal | Snack: Nuts, Smoothie | Dinner: Chapati + Chicken/Paneer curry","High-calorie, high-protein diet (milk, eggs, nuts, paneer, whole grains). Eat every 3–4 hours."
56,55-60,Male,Underweight,"Frailty, Low bone density, Weak immunity",Increase calorie intake with protein & dairy; eat small meals often and do strength exercises.,Medium,Breakfast: Soft dalia + Milk | Lunch: Khichdi + Curd | Snack: Banana | Dinner: Soup + Soft roti + Paneer,"High-calorie, high-protein diet (milk, eggs, nuts, paneer, whole grains). Eat every 3–4 hours."
26,25-34,Female,Underweight,"PCOD, Fatigue, Irregular cycles, Anemia, Anxiety",Increase calorie intake with protein & dairy; eat small meals often and do strength exercises.,Medium,Breakfast: Milk + Dry fruits | Lunch: Dal + Chapati + Salad | Snack: Yogurt + Nuts | Dinner: Khichdi + Ghee,"High-calorie, high-protein diet (milk, eggs, nuts, paneer, whole grains). Eat every 3–4 hours."
45,45-54,Female,Underweight,"Osteoporosis, Hormone imbalance, Stress",Increase calorie intake with protein & dairy; eat small meals often and do strength exercises.,Medium,Breakfast: Poha + Milk | Lunch: Khichdi + Dal | Snack: Banana | Dinner: Soup + Roti,"High-calorie, high-protein diet (milk, eggs, nuts, paneer, whole grains). Eat every 3–4 hours."
21,18-24,Female,Obesity,"PCOS/PCOD, Type 2 Diabetes, Fertility issues, Depression","Strictly avoid junk food, focus on low-calorie diet, consult doctor for weight management.",High,Breakfast: Smoothie + Seeds | Lunch: Brown rice + Dal + Veg | Snack: Fruit | Dinner: Soup,"Low-carb, low-fat diet. Avoid fried foods, sugary drinks, and eat small portions frequently."
20,18-24,Male,Normal,"Healthy, possible stress or mild anxiety due to lifestyle",Maintain balanced diet and regular exercise; ensure hydration and proper sleep.,Low,Breakfast: Oats + Milk | Lunch: Roti + Veg + Dal | Snack: Fruit | Dinner: Rice + Dal + Salad,"Balanced diet with fruits, vegetables, whole grains, and yoga/exercise 30 min daily."
57,55-60,Female,Obesity,"Heart disease, Arthritis, Stroke risk, Depression","Strictly avoid junk food, focus on low-calorie diet, consult doctor for weight management.",High,Breakfast: Porridge | Lunch: Soft rice + Veg | Snack: Fruit | Dinner: Soup,"Low-carb, low-fat diet. Avoid fried foods, sugary drinks, and eat small portions frequently."
26,25-34,Female,Normal,"Healthy, maintain balanced diet, mild stress risk",Maintain balanced diet and regular exercise; ensure hydration and proper sleep.,Low,Breakfast: Poha + Milk | Lunch: Roti + Veg + Salad | Snack: Yogurt | Dinner: Khichdi + Curd,"Balanced diet with fruits, vegetables, whole grains, and yoga/exercise 30 min daily."
60,55-60,Female,Overweight,"BP, Diabetes, Joint pain, Anxiety","Control portion size, reduce sugar and oil; prefer high-fiber meals and daily walks.",Medium,Breakfast: Dalia | Lunch: Soft rice + Dal | Snack: Fruit | Dinner: Soup,"Low sugar, low oil, high-fiber meals. Include salads, fruits, and avoid junk food."
51,45-54,Female,Normal,"Healthy, menopause-related changes",Maintain balanced diet and regular exercise; ensure hydration and proper sleep.,Low,Breakfast: Idli + Chutney | Lunch: Brown rice + Dal | Snack: Seeds + Fruit | Dinner: Khichdi,"Balanced diet with fruits, vegetables, whole grains, and yoga/exercise 30 min daily."
19,18-24,Male,Underweight,"Anemia, Vitamin deficiency, Low muscle mass, Fatigue, Anxiety, Weak immunity",Increase calorie intake with protein & dairy; eat small meals often and do strength exercises.,Medium,"Breakfast: Milk + Banana + Boiled eggs | Lunch: Paneer, Rice, Dal | Snack: Nuts, Smoothie | Dinner: Chapati + Chicken/Paneer curry","High-calorie, high-protein diet (milk, eggs, nuts, paneer, whole grains). Eat every 3–4 hours."
58,55-60,Female,Normal,"Healthy, maintain calcium & heart care",Maintain balanced diet and regular exercise; ensure hydration and proper sleep.,Low,Breakfast: Oats + Milk | Lunch: Rice + Veg dal | Snack: Boiled egg/Paneer | Dinner: Soup + Roti,"Balanced diet with fruits, vegetables, whole grains, and yoga/exercise 30 min daily."
48,45-54,Male,Normal,"Good health, monitor BP and sugar regularly",Maintain balanced diet and regular exercise; ensure hydration and proper sleep.,Low,Breakfast: Oats + Milk | Lunch: Rice + Dal + Veg | Snack: Fruit | Dinner: Roti + Soup,"Balanced diet with fruits, vegetables, whole grains, and yoga/exercise 30 min daily."
58,55-60,Female,Overweight,"BP, Diabetes, Joint pain, Anxiety","Control portion size, reduce sugar and oil; prefer high-fiber meals and daily walks.",Medium,Breakfast: Dalia | Lunch: Soft rice + Dal | Snack: Fruit | Dinner: Soup,"Low sugar, low oil, high-fiber meals. Include salads, fruits, and avoid junk food."
52,45-54,Male,Overweight,"Hypertension, Diabetes, Fatty liver, Anxiety, Joint pain","Control portion size, reduce sugar and oil; prefer high-fiber meals and daily walks.",Medium,Breakfast: Dalia + Fruit | Lunch: Roti + Veg | Snack: Nuts | Dinner: Light khichdi,"Low sugar, low oil, high-fiber meals. Include salads, fruits, and avoid junk food."
46,45-54,Female,Normal,"Healthy, menopause-related changes",Maintain balanced diet and regular exercise; ensure hydration and proper sleep.,Low,Breakfast: Idli + Chutney | Lunch: Brown rice + Dal | Snack: Seeds + Fruit | Dinner: Khichdi,"Balanced diet with fruits, vegetables, whole grains, and yoga/exercise 30 min daily."
55,55-60,Male,Obesity,"Heart failure, Stroke, Chronic diabetes, Anxiety, Arthritis","Strictly avoid junk food, focus on low-calorie diet, consult doctor for weight management.",High,Breakfast: Porridge | Lunch: Dal + Veg | Snack: Fruit | Dinner: Soup,"Low-carb, low-fat diet. Avoid fried foods, sugary drinks, and eat small portions frequently."
49,45-54,Female,Normal,"Healthy, menopause-related changes",Maintain balanced diet and regular exercise; ensure hydration and proper sleep.,Low,Breakfast: Idli + Chutney | Lunch: Brown rice + Dal | Snack: Seeds + Fruit | Dinner: Khichdi,"Balanced diet with fruits, vegetables, whole grains, and yoga/exercise 30 min daily."
60,55-60,Female,Normal,"Healthy, maintain calcium & heart care",Maintain balanced diet and regular exercise; ensure hydration and proper sleep.,Low,Breakfast: Oats + Milk | Lunch: Rice + Veg dal | Snack: Boiled egg/Paneer | Dinner: Soup + Roti,"Balanced diet with fruits, vegetables, whole grains, and yoga/exercise 30 min daily."
50,45-54,Female,Obesity,"Hypertension, Type 2 Diabetes, Heart issues, Depression, Liver problems","Strictly avoid junk food, focus on low-calorie diet, consult doctor for weight management.",High,Breakfast: Oats | Lunch: Roti + Dal  | Snack: Seeds | Dinner: Soup,"Low-carb, low-fat diet. Avoid fried foods, sugary drinks, and eat small portions frequently."
33,25-34,Male,Normal,"Healthy, mild stress or work pressure possible",Maintain balanced diet and regular exercise; ensure hydration and proper sleep.,Low,Breakfast: Brown bread + Eggs | Lunch: Roti + Chicken + Veg | Snack: Nuts | Dinner: Soup + Chapati,"Balanced diet with fruits, vegetables, whole grains, and yoga/exercise 30 min daily."
54,45-54,Female,Obesity,"Hypertension, Type 2 Diabetes, Heart issues, Depression, Liver problems","Strictly avoid junk food, focus on low-calorie diet, consult doctor for weight management.",High,Breakfast: Oats | Lunch: Roti + Dal  | Snack: Seeds | Dinner: Soup,"Low-carb, low-fat diet. Avoid fried foods, sugary drinks, and eat small portions frequently."
58,55-60,Female,Normal,"Healthy, maintain calcium & heart care",Maintain balanced diet and regular exercise; ensure hydration and proper sleep.,Low,Breakfast: Oats + Milk | Lunch: Rice + Veg dal | Snack: Boiled egg/Paneer | Dinner: Soup + Roti,"Balanced diet with fruits, vegetables, whole grains, and yoga/exercise 30 min daily."
41,35-44,Male,Overweight,"Hypertension, Cholesterol, Fatty liver, Anxiety","Control portion size, reduce sugar and oil; prefer high-fiber meals and daily walks.",Medium,Breakfast: Oats + Milk | Lunch: Roti + Dal + Veg | Snack: Green tea | Dinner: Soup + Roti,"Low sugar, low oil, high-fiber meals. Include salads, fruits, and avoid junk food."
25,25-34,Male,Obesity,"Heart disease, Sleep apnea, Liver problems, Anxiety, Depression","Strictly avoid junk food, focus on low-calorie diet, consult doctor for weight management.",High,Breakfast: Dalia + Fruit | Lunch: Roti + Veg | Snack: Green tea | Dinner: Soup + Salad,"Low-carb, low-fat diet. Avoid fried foods, sugary drinks, and eat small portions frequently."
31,25-34,Male,Obesity,"Heart disease, Sleep apnea, Liver problems, Anxiety, Depression","Strictly avoid junk food, focus on low-calorie diet, consult doctor for weight management.",High,Breakfast: Dalia + Fruit | Lunch: Roti + Veg | Snack: Green tea | Dinner: Soup + Salad,"Low-carb, low-fat diet. Avoid fried foods, sugary drinks, and eat small portions frequently."
44,35-44,Female,Underweight,"Osteopenia, Hormonal issues, Fatigue, Nutritional deficiency",Increase calorie intake with protein & dairy; eat small meals often and do strength exercises.,Medium,Breakfast: Idli + Coconut chutney | Lunch: Dal rice + Veg | Snack: Fruit smoothie | Dinner: Chapati + Paneer,"High-calorie, high-protein diet (milk, eggs, nuts, paneer, whole grains). Eat every 3–4 hours."
43,35-44,Female,Underweight,"Osteopenia, Hormonal issues, Fatigue, Nutritional deficiency",Increase calorie intake with protein & dairy; eat small meals often and do strength exercises.,Medium,Breakfast: Idli + Coconut chutney | Lunch: Dal rice + Veg | Snack: Fruit smoothie | Dinner: Chapati + Paneer,"High-calorie, high-protein diet (milk, eggs, nuts, paneer, whole grains). Eat every 3–4 hours."
24,18-24,Male,Overweight,"Early hypertension, Fatty liver, Insulin resistance, Tension, Sleep disturbance","Control portion size, reduce sugar and oil; prefer high-fiber meals and daily walks.",Medium,Breakfast: Oats + Fruit | Lunch: Brown rice + Veg + Dal | Snack: Green tea + Nuts | Dinner: Soup + Chapati,"Low sugar, low oil, high-fiber meals. Include salads, fruits, and avoid junk food."
42,35-44,Male,Underweight,"Anemia, Bone density loss, Fatigue, Stress",Increase calorie intake with protein & dairy; eat small meals often and do strength exercises.,Medium,Breakfast: Milk + Dry fruits | Lunch: Khichdi + Dal | Snack: Fruit shake | Dinner: Rice + Paneer curry,"High-calorie, high-protein diet (milk, eggs, nuts, paneer, whole grains). Eat every 3–4 hours."
60,55-60,Female,Overweight,"BP, Diabetes, Joint pain, Anxiety","Control portion size, reduce sugar and oil; prefer high-fiber meals and daily walks.",Medium,Breakfast: Dalia | Lunch: Soft rice + Dal | Snack: Fruit | Dinner: Soup,"Low sugar, low oil, high-fiber meals. Include salads, fruits, and avoid junk food."
40,35-44,Male,Overweight,"Hypertension, Cholesterol, Fatty liver, Anxiety","Control portion size, reduce sugar and oil; prefer high-fiber meals and daily walks.",Medium,Breakfast: Oats + Milk | Lunch: Roti + Dal + Veg | Snack: Green tea | Dinner: Soup + Roti,"Low sugar, low oil, high-fiber meals. Include salads, fruits, and avoid junk food."
20,18-24,Female,Overweight,"PCOS, Thyroid imbalance, Insulin resistance, Mental tension","Control portion size, reduce sugar and oil; prefer high-fiber meals and daily walks.",Medium,Breakfast: Oats + Fruit | Lunch: Brown rice + Veg | Snack: Nuts | Dinner: Soup + Roti,"Low sugar, low oil, high-fiber meals. Include salads, fruits, and avoid junk food."
26,25-34,Female,Overweight,"PCOS, Thyroid disorder, Gestational risk, Depression, Liver fat","Control portion size, reduce sugar and oil; prefer high-fiber meals and daily walks.",Medium,Breakfast: Smoothie + Seeds | Lunch: Roti + Veg curry | Snack: Fruit | Dinner: Dal soup,"Low sugar, low oil, high-fiber meals. Include salads, fruits, and avoid junk food."
36,35-44,Female,Overweight,"Thyroid issues, PCOS, Joint pain, Hypertension","Control portion size, reduce sugar and oil; prefer high-fiber meals and daily walks.",Medium,Breakfast: Poha + Tea | Lunch: Rice + Veg | Snack: Salad | Dinner: Soup + Khichdi,"Low sugar, low oil, high-fiber meals. Include salads, fruits, and avoid junk food."
56,55-60,Male,Underweight,"Frailty, Low bone density, Weak immunity",Increase calorie intake with protein & dairy; eat small meals often and do strength exercises.,Medium,Breakfast: Soft dalia + Milk | Lunch: Khichdi + Curd | Snack: Banana | Dinner: Soup + Soft roti + Paneer,"High-calorie, high-protein diet (milk, eggs, nuts, paneer, whole grains). Eat every 3–4 hours."
56,55-60,Male,Underweight,"Frailty, Low bone density, Weak immunity",Increase calorie intake with protein & dairy; eat small meals often and do strength exercises.,Medium,Breakfast: Soft dalia + Milk | Lunch: Khichdi + Curd | Snack: Banana | Dinner: Soup + Soft roti + Paneer,"High-calorie, high-protein diet (milk, eggs, nuts, paneer, whole grains). Eat every 3–4 hours."
25,25-34,Male,Underweight,"Weak immunity, Muscle loss, Nutrient deficiency, Anxiety, Fatigue",Increase calorie intake with protein & dairy; eat small meals often and do strength exercises.,Medium,Breakfast: Paratha + Curd | Lunch: Dal rice + Paneer | Snack: Peanut butter toast | Dinner: Roti + Green vegi/Chicken/Fish + Veggies,"High-calorie, high-protein diet (milk, eggs, nuts, paneer, whole grains). Eat every 3–4 hours."
46,45-54,Female,Overweight,"Thyroid, Diabetes, Joint stiffness, Anxiety","Control portion size, reduce sugar and oil; prefer high-fiber meals and daily walks.",Medium,Breakfast: Oats + Milk | Lunch: Roti + Dal | Snack: Seeds | Dinner: Light Veg soup,"Low sugar, low oil, high-fiber meals. Include salads, fruits, and avoid junk food."
46,45-54,Female,Normal,"Healthy, menopause-related changes",Maintain balanced diet and regular exercise; ensure hydration and proper sleep.,Low,Breakfast: Idli + Chutney | Lunch: Brown rice + Dal | Snack: Seeds + Fruit | Dinner: Khichdi,"Balanced diet with fruits, vegetables, whole grains, and yoga/exercise 30 min daily."
44,35-44,Female,Obesity,"Diabetes, Hypertension, Breast cancer risk, Anxiety, Heart strain","Strictly avoid junk food, focus on low-calorie diet, consult doctor for weight management.",High,Breakfast: Dalia | Lunch: Brown rice + Veg | Snack: Fruit | Dinner: Soup,"Low-carb, low-fat diet. Avoid fried foods, sugary drinks, and eat small portions frequently."
48,45-54,Female,Obesity,"Hypertension, Type 2 Diabetes, Heart issues, Depression, Liver problems","Strictly avoid junk food, focus on low-calorie diet, consult doctor for weight management.",High,Breakfast: Oats | Lunch: Roti + Dal  | Snack: Seeds | Dinner: Soup,"Low-carb, low-fat diet. Avoid fried foods, sugary drinks, and eat small portions frequently."
27,25-34,Male,Normal,"Healthy, mild stress or work pressure possible",Maintain balanced diet and regular exercise; ensure hydration and proper sleep.,Low,Breakfast: Brown bread + Eggs | Lunch: Roti + Chicken + Veg | Snack: Nuts | Dinner: Soup + Chapati,"Balanced diet with fruits, vegetables, whole grains, and yoga/exercise 30 min daily."
34,25-34,Male,Overweight,"High BP, Early diabetes, Fatty liver, Gastric issues, Mental tension","Control portion size, reduce sugar and oil; prefer high-fiber meals and daily walks.",Medium,Breakfast: Poha + Tea | Lunch: Roti + Veg curry | Snack: Fruit | Dinner: Khichdi + Salad,"Low sugar, low oil, high-fiber meals. Include salads, fruits, and avoid junk food."
60,55-60,Female,Overweight,"BP, Diabetes, Joint pain, Anxiety","Control portion size, reduce sugar and oil; prefer high-fiber meals and daily walks.",Medium,Breakfast: Dalia | Lunch: Soft rice + Dal | Snack: Fruit | Dinner: Soup,"Low sugar, low oil, high-fiber meals. Include salads, fruits, and avoid junk food."
57,55-60,Male,Normal,"Healthy aging, maintain diet & walk",Maintain balanced diet and regular exercise; ensure hydration and proper sleep.,Low,Breakfast: Dalia + Milk | Lunch: Soft rice + Dal | Snack: Fruit | Dinner: Soup + Roti,"Balanced diet with fruits, vegetables, whole grains, and yoga/exercise 30 min daily."
28,25-34,Female,Normal,"Healthy, maintain balanced diet, mild stress risk",Maintain balanced diet and regular exercise; ensure hydration and proper sleep.,Low,Breakfast: Poha + Milk | Lunch: Roti + Veg + Salad | Snack: Yogurt | Dinner: Khichdi + Curd,"Balanced diet with fruits, vegetables, whole grains, and yoga/exercise 30 min daily."
55,55-60,Male,Overweight,"High BP, Diabetes, Cardiac strain, Liver issues","Control portion size, reduce sugar and oil; prefer high-fiber meals and daily walks.",Medium,Breakfast: Soft oats | Lunch: Dal + Veg | Snack: Fruit | Dinner: Soup + Roti,"Low sugar, low oil, high-fiber meals. Include salads, fruits, and avoid junk food."
58,55-60,Male,Overweight,"High BP, Diabetes, Cardiac strain, Liver issues","Control portion size, reduce sugar and oil; prefer high-fiber meals and daily walks.",Medium,Breakfast: Soft oats | Lunch: Dal + Veg | Snack: Fruit | Dinner: Soup + Roti,"Low sugar, low oil, high-fiber meals. Include salads, fruits, and avoid junk food."
34,25-34,Female,Normal,"Healthy, maintain balanced diet, mild stress risk",Maintain balanced diet and regular exercise; ensure hydration and proper sleep.,Low,Breakfast: Poha + Milk | Lunch: Roti + Veg + Salad | Snack: Yogurt | Dinner: Khichdi + Curd,"Balanced diet with fruits, vegetables, whole grains, and yoga/exercise 30 min daily."
39,35-44,Female,Normal,"Healthy, but screen for thyroid/menstrual health",Maintain balanced diet and regular exercise; ensure hydration and proper sleep.,Low,Breakfast: Dosa + Milk | Lunch: Roti + Dal + Veg | Snack: Fruit | Dinner: Soup + Chapati,"Balanced diet with fruits, vegetables, whole grains, and yoga/exercise 30 min daily."
57,55-60,Female,Normal,"Healthy, maintain calcium & heart care",Maintain balanced diet and regular exercise; ensure hydration and proper sleep.,Low,Breakfast: Oats + Milk | Lunch: Rice + Veg dal | Snack: Boiled egg/Paneer | Dinner: Soup + Roti,"Balanced diet with fruits, vegetables, whole grains, and yoga/exercise 30 min daily."
57,55-60,Female,Overweight,"BP, Diabetes, Joint pain, Anxiety","Control portion size, reduce sugar and oil; prefer high-fiber meals and daily walks.",Medium,Breakfast: Dalia | Lunch: Soft rice + Dal | Snack: Fruit | Dinner: Soup,"Low sugar, low oil, high-fiber meals. Include salads, fruits, and avoid junk food."
23,18-24,Male,Overweight,"Early hypertension, Fatty liver, Insulin resistance, Tension, Sleep disturbance","Control portion size, reduce sugar and oil; prefer high-fiber meals and daily walks.",Medium,Breakfast: Oats + Fruit | Lunch: Brown rice + Veg + Dal | Snack: Green tea + Nuts | Dinner: Soup + Chapati,"Low sugar, low oil, high-fiber meals. Include salads, fruits, and avoid junk food."
53,45-54,Female,Normal,"Healthy, menopause-related changes",Maintain balanced diet and regular exercise; ensure hydration and proper sleep.,Low,Breakfast: Idli + Chutney | Lunch: Brown rice + Dal | Snack: Seeds + Fruit | Dinner: Khichdi,"Balanced diet with fruits, vegetables, whole grains, and yoga/exercise 30 min daily."
33,25-34,Female,Overweight,"PCOS, Thyroid disorder, Gestational risk, Depression, Liver fat","Control portion size, reduce sugar and oil; prefer high-fiber meals and daily walks.",Medium,Breakfast: Smoothie + Seeds | Lunch: Roti + Veg curry | Snack: Fruit | Dinner: Dal soup,"Low sugar, low oil, high-fiber meals. Include salads, fruits, and avoid junk food."
58,55-60,Male,Obesity,"Heart failure, Stroke, Chronic diabetes, Anxiety, Arthritis","Strictly avoid junk food, focus on low-calorie diet, consult doctor for weight management.",High,Breakfast: Porridge | Lunch: Dal + Veg | Snack: Fruit | Dinner: Soup,"Low-carb, low-fat diet. Avoid fried foods, sugary drinks, and eat small portions frequently."
31,25-34,Male,Overweight,"High BP, Early diabetes, Fatty liver, Gastric issues, Mental tension","Control portion size, reduce sugar and oil; prefer high-fiber meals and daily walks.",Medium,Breakfast: Poha + Tea | Lunch: Roti + Veg curry | Snack: Fruit | Dinner: Khichdi + Salad,"Low sugar, low oil, high-fiber meals. Include salads, fruits, and avoid junk food."
23,18-24,Male,Underweight,"Anemia, Vitamin deficiency, Low muscle mass, Fatigue, Anxiety, Weak immunity",Increase calorie intake with protein & dairy; eat small meals often and do strength exercises.,Medium,"Breakfast: Milk + Banana + Boiled eggs | Lunch: Paneer, Rice, Dal | Snack: Nuts, Smoothie | Dinner: Chapati + Chicken/Paneer curry","High-calorie, high-protein diet (milk, eggs, nuts, paneer, whole grains). Eat every 3–4 hours."
60,55-60,Female,Overweight,"BP, Diabetes, Joint pain, Anxiety","Control portion size, reduce sugar and oil; prefer high-fiber meals and daily walks.",Medium,Breakfast: Dalia | Lunch: Soft rice + Dal | Snack: Fruit | Dinner: Soup,"Low sugar, low oil, high-fiber meals. Include salads, fruits, and avoid junk food."
18,18-24,Male,Underweight,"Anemia, Vitamin deficiency, Low muscle mass, Fatigue, Anxiety, Weak immunity",Increase calorie intake with protein & dairy; eat small meals often and do strength exercises.,Medium,"Breakfast: Milk + Banana + Boiled eggs | Lunch: Paneer, Rice, Dal | Snack: Nuts, Smoothie | Dinner: Chapati + Chicken/Paneer curry","High-calorie, high-protein diet (milk, eggs, nuts, paneer, whole grains). Eat every 3–4 hours."
55,55-60,Female,Obesity,"Heart disease, Arthritis, Stroke risk, Depression","Strictly avoid junk food, focus on low-calorie diet, consult doctor for weight management.",High,Breakfast: Porridge | Lunch: Soft rice + Veg | Snack: Fruit | Dinner: Soup,"Low-carb, low-fat diet. Avoid fried foods, sugary drinks, and eat small portions frequently."
30,25-34,Female,Obesity,"PCOS, Infertility, Type 2 Diabetes, Hypertension, Anxiety","Strictly avoid junk food, focus on low-calorie diet, consult doctor for weight management.",High,Breakfast: Oats | Lunch: Roti + Veg | Snack: Green tea | Dinner: Soup + Salad,"Low-carb, low-fat diet. Avoid fried foods, sugary drinks, and eat small portions frequently."
20,18-24,Female,Overweight,"PCOS, Thyroid imbalance, Insulin resistance, Mental tension","Control portion size, reduce sugar and oil; prefer high-fiber meals and daily walks.",Medium,Breakfast: Oats + Fruit | Lunch: Brown rice + Veg | Snack: Nuts | Dinner: Soup + Roti,"Low sugar, low oil, high-fiber meals. Include salads, fruits, and avoid junk food."
22,18-24,Female,Overweight,"PCOS, Thyroid imbalance, Insulin resistance, Mental tension","Control portion size, reduce sugar and oil; prefer high-fiber meals and daily walks.",Medium,Breakfast: Oats + Fruit | Lunch: Brown rice + Veg | Snack: Nuts | Dinner: Soup + Roti,"Low sugar, low oil, high-fiber meals. Include salads, fruits, and avoid junk food."
42,35-44,Male,Normal,"Healthy, but rising risk of hypertension and liver fat",Maintain balanced diet and regular exercise; ensure hydration and proper sleep.,Low,Breakfast: Poha + Milk | Lunch: Roti + Dal + Veg | Snack: Fruit | Dinner: Khichdi + Curd,"Balanced diet with fruits, vegetables, whole grains, and yoga/exercise 30 min daily."
23,18-24,Female,Normal,"Healthy, maintain fitness & hydration",Maintain balanced diet and regular exercise; ensure hydration and proper sleep.,Low,Breakfast: Oats + Fruit | Lunch: Rice + Veg curry | Snack: Nuts | Dinner: Chapati + Dal,"Balanced diet with fruits, vegetables, whole grains, and yoga/exercise 30 min daily."
47,45-54,Male,Underweight,"Muscle loss, Nutrient deficiency, Stress",Increase calorie intake with protein & dairy; eat small meals often and do strength exercises.,Medium,Breakfast: Oats + Milk | Lunch: Dal + Rice + Veg | Snack: Fruit + Seeds | Dinner: Chapati + Paneer/Tofu,"High-calorie, high-protein diet (milk, eggs, nuts, paneer, whole grains). Eat every 3–4 hours."
59,55-60,Female,Normal,"Healthy, maintain calcium & heart care",Maintain balanced diet and regular exercise; ensure hydration and proper sleep.,Low,Breakfast: Oats + Milk | Lunch: Rice + Veg dal | Snack: Boiled egg/Paneer | Dinner: Soup + Roti,"Balanced diet with fruits, vegetables, whole grains, and yoga/exercise 30 min daily."
47,45-54,Female,Underweight,"Osteoporosis, Hormone imbalance, Stress",Increase calorie intake with protein & dairy; eat small meals often and do strength exercises.,Medium,Breakfast: Poha + Milk | Lunch: Khichdi + Dal | Snack: Banana | Dinner: Soup + Roti,"High-calorie, high-protein diet (milk, eggs, nuts, paneer, whole grains). Eat every 3–4 hours."
32,25-34,Male,Underweight,"Weak immunity, Muscle loss, Nutrient deficiency, Anxiety, Fatigue",Increase calorie intake with protein & dairy; eat small meals often and do strength exercises.,Medium,Breakfast: Paratha + Curd | Lunch: Dal rice + Paneer | Snack: Peanut butter toast | Dinner: Roti + Green vegi/Chicken/Fish + Veggies,"High-calorie, high-protein diet (milk, eggs, nuts, paneer, whole grains). Eat every 3–4 hours."
43,35-44,Male,Underweight,"Anemia, Bone density loss, Fatigue, Stress",Increase calorie intake with protein & dairy; eat small meals often and do strength exercises.,Medium,Breakfast: Milk + Dry fruits | Lunch: Khichdi + Dal | Snack: Fruit shake | Dinner: Rice + Paneer curry,"High-calorie, high-protein diet (milk, eggs, nuts, paneer, whole grains). Eat every 3–4 hours."
51,45-54,Female,Normal,"Healthy, menopause-related changes",Maintain balanced diet and regular exercise; ensure hydration and proper sleep.,Low,Breakfast: Idli + Chutney | Lunch: Brown rice + Dal | Snack: Seeds + Fruit | Dinner: Khichdi,"Balanced diet with fruits, vegetables, whole grains, and yoga/exercise 30 min daily."
49,45-54,Male,Obesity,"Cardiac disease, Stroke, Depression, Chronic fatigue","Strictly avoid junk food, focus on low-calorie diet, consult doctor for weight management.",High,Breakfast: Oats | Lunch: Roti + Veg | Snack: Seeds | Dinner: Soup + Salad,"Low-carb, low-fat diet. Avoid fried foods, sugary drinks, and eat small portions frequently."
22,18-24,Male,Overweight,"Early hypertension, Fatty liver, Insulin resistance, Tension, Sleep disturbance","Control portion size, reduce sugar and oil; prefer high-fiber meals and daily walks.",Medium,Breakfast: Oats + Fruit | Lunch: Brown rice + Veg + Dal | Snack: Green tea + Nuts | Dinner: Soup + Chapati,"Low sugar, low oil, high-fiber meals. Include salads, fruits, and avoid junk food."
20,18-24,Female,Overweight,"PCOS, Thyroid imbalance, Insulin resistance, Mental tension","Control portion size, reduce sugar and oil; prefer high-fiber meals and daily walks.",Medium,Breakfast: Oats + Fruit | Lunch: Brown rice + Veg | Snack: Nuts | Dinner: Soup + Roti,"Low sugar, low oil, high-fiber meals. Include salads, fruits, and avoid junk food."
60,55-60,Male,Normal,"Healthy aging, maintain diet & walk",Maintain balanced diet and regular exercise; ensure hydration and proper sleep.,Low,Breakfast: Dalia + Milk | Lunch: Soft rice + Dal | Snack: Fruit | Dinner: Soup + Roti,"Balanced diet with fruits, vegetables, whole grains, and yoga/exercise 30 min daily."
51,45-54,Male,Obesity,"Cardiac disease, Stroke, Depression, Chronic fatigue","Strictly avoid junk food, focus on low-calorie diet, consult doctor for weight management.",High,Breakfast: Oats | Lunch: Roti + Veg | Snack: Seeds | Dinner: Soup + Salad,"Low-carb, low-fat diet. Avoid fried foods, sugary drinks, and eat small portions frequently."
38,35-44,Male,Obesity,"Diabetes, Sleep apnea, Cardiac disease, Liver cirrhosis, Depression","Strictly avoid junk food, focus on low-calorie diet, consult doctor for weight management.",High,Breakfast: Oats | Lunch: Brown rice + Veg | Snack: Nuts | Dinner: Soup + Salad,"Low-carb, low-fat diet. Avoid fried foods, sugary drinks, and eat small portions frequently."
51,45-54,Male,Overweight,"Hypertension, Diabetes, Fatty liver, Anxiety, Joint pain","Control portion size, reduce sugar and oil; prefer high-fiber meals and daily walks.",Medium,Breakfast: Dalia + Fruit | Lunch: Roti + Veg | Snack: Nuts | Dinner: Light khichdi,"Low sugar, low oil, high-fiber meals. Include salads, fruits, and avoid junk food."
27,25-34,Male,Normal,"Healthy, mild stress or work pressure possible",Maintain balanced diet and regular exercise; ensure hydration and proper sleep.,Low,Breakfast: Brown bread + Eggs | Lunch: Roti + Chicken + Veg | Snack: Nuts | Dinner: Soup + Chapati,"Balanced diet with fruits, vegetables, whole grains, and yoga/exercise 30 min daily."
58,55-60,Male,Normal,"Healthy aging, maintain diet & walk",Maintain balanced diet and regular exercise; ensure hydration and proper sleep.,Low,Breakfast: Dalia + Milk | Lunch: Soft rice + Dal | Snack: Fruit | Dinner: Soup + Roti,"Balanced diet with fruits, vegetables, whole grains, and yoga/exercise 30 min daily."
59,55-60,Male,Normal,"Healthy aging, maintain diet & walk",Maintain balanced diet and regular exercise; ensure hydration and proper sleep.,Low,Breakfast: Dalia + Milk | Lunch: Soft rice + Dal | Snack: Fruit | Dinner: Soup + Roti,"Balanced diet with fruits, vegetables, whole grains, and yoga/exercise 30 min daily."
51,45-54,Male,Normal,"Good health, monitor BP and sugar regularly",Maintain balanced diet and regular exercise; ensure hydration and proper sleep.,Low,Breakfast: Oats + Milk | Lunch: Rice + Dal + Veg | Snack: Fruit | Dinner: Roti + Soup,"Balanced diet with fruits, vegetables, whole grains, and yoga/exercise 30 min daily."
32,25-34,Male,Obesity,"Heart disease, Sleep apnea, Liver problems, Anxiety, Depression","Strictly avoid junk food, focus on low-calorie diet, consult doctor for weight management.",High,Breakfast: Dalia + Fruit | Lunch: Roti + Veg | Snack: Green tea | Dinner: Soup + Salad,"Low-carb, low-fat diet. Avoid fried foods, sugary drinks, and eat small portions frequently."
57,55-60,Female,Overweight,"BP, Diabetes, Joint pain, Anxiety","Control portion size, reduce sugar and oil; prefer high-fiber meals and daily walks.",Medium,Breakfast: Dalia | Lunch: Soft rice + Dal | Snack: Fruit | Dinner: Soup,"Low sugar, low oil, high-fiber meals. Include salads, fruits, and avoid junk food."
36,35-44,Female,Overweight,"Thyroid issues, PCOS, Joint pain, Hypertension","Control portion size, reduce sugar and oil; prefer high-fiber meals and daily walks.",Medium,Breakfast: Poha + Tea | Lunch: Rice + Veg | Snack: Salad | Dinner: Soup + Khichdi,"Low sugar, low oil, high-fiber meals. Include salads, fruits, and avoid junk food."
21,18-24,Male,Overweight,"Early hypertension, Fatty liver, Insulin resistance, Tension, Sleep disturbance","Control portion size, reduce sugar and oil; prefer high-fiber meals and daily walks.",Medium,Breakfast: Oats + Fruit | Lunch: Brown rice + Veg + Dal | Snack: Green tea + Nuts | Dinner: Soup + Chapati,"Low sugar, low oil, high-fiber meals. Include salads, fruits, and avoid junk food."
42,35-44,Male,Obesity,"Diabetes, Sleep apnea, Cardiac disease, Liver cirrhosis, Depression","Strictly avoid junk food, focus on low-calorie diet, consult doctor for weight management.",High,Breakfast: Oats | Lunch: Brown rice + Veg | Snack: Nuts | Dinner: Soup + Salad,"Low-carb, low-fat diet. Avoid fried foods, sugary drinks, and eat small portions frequently."
49,45-54,Male,Normal,"Good health, monitor BP and sugar regularly",Maintain balanced diet and regular exercise; ensure hydration and proper sleep.,Low,Breakfast: Oats + Milk | Lunch: Rice + Dal + Veg | Snack: Fruit | Dinner: Roti + Soup,"Balanced diet with fruits, vegetables, whole grains, and yoga/exercise 30 min daily."
47,45-54,Male,Overweight,"Hypertension, Diabetes, Fatty liver, Anxiety, Joint pain","Control portion size, reduce sugar and oil; prefer high-fiber meals and daily walks.",Medium,Breakfast: Dalia + Fruit | Lunch: Roti + Veg | Snack: Nuts | Dinner: Light khichdi,"Low sugar, low oil, high-fiber meals. Include salads, fruits, and avoid junk food."
39,35-44,Female,Normal,"Healthy, but screen for thyroid/menstrual health",Maintain balanced diet and regular exercise; ensure hydration and proper sleep.,Low,Breakfast: Dosa + Milk | Lunch: Roti + Dal + Veg | Snack: Fruit | Dinner: Soup + Chapati,"Balanced diet with fruits, vegetables, whole grains, and yoga/exercise 30 min daily."
37,35-44,Male,Overweight,"Hypertension, Cholesterol, Fatty liver, Anxiety","Control portion size, reduce sugar and oil; prefer high-fiber meals and daily walks.",Medium,Breakfast: Oats + Milk | Lunch: Roti + Dal + Veg | Snack: Green tea | Dinner: Soup + Roti,"Low sugar, low oil, high-fiber meals. Include salads, fruits, and avoid junk food."
22,18-24,Male,Underweight,"Anemia, Vitamin deficiency, Low muscle mass, Fatigue, Anxiety, Weak immunity",Increase calorie intake with protein & dairy; eat small meals often and do strength exercises.,Medium,"Breakfast: Milk + Banana + Boiled eggs | Lunch: Paneer, Rice, Dal | Snack: Nuts, Smoothie | Dinner: Chapati + Chicken/Paneer curry","High-calorie, high-protein diet (milk, eggs, nuts, paneer, whole grains). Eat every 3–4 hours."
46,45-54,Female,Overweight,"Thyroid, Diabetes, Joint stiffness, Anxiety","Control portion size, reduce sugar and oil; prefer high-fiber meals and daily walks.",Medium,Breakfast: Oats + Milk | Lunch: Roti + Dal | Snack: Seeds | Dinner: Light Veg soup,"Low sugar, low oil, high-fiber meals. Include salads, fruits, and avoid junk food."
46,45-54,Female,Underweight,"Osteoporosis, Hormone imbalance, Stress",Increase calorie intake with protein & dairy; eat small meals often and do strength exercises.,Medium,Breakfast: Poha + Milk | Lunch: Khichdi + Dal | Snack: Banana | Dinner: Soup + Roti,"High-calorie, high-protein diet (milk, eggs, nuts, paneer, whole grains). Eat every 3–4 hours."
18,18-24,Male,Overweight,"Early hypertension, Fatty liver, Insulin resistance, Tension, Sleep disturbance","Control portion size, reduce sugar and oil; prefer high-fiber meals and daily walks.",Medium,Breakfast: Oats + Fruit | Lunch: Brown rice + Veg + Dal | Snack: Green tea + Nuts | Dinner: Soup + Chapati,"Low sugar, low oil, high-fiber meals. Include salads, fruits, and avoid junk food."
31,25-34,Male,Normal,"Healthy, mild stress or work pressure possible",Maintain balanced diet and regular exercise; ensure hydration and proper sleep.,Low,Breakfast: Brown bread + Eggs | Lunch: Roti + Chicken + Veg | Snack: Nuts | Dinner: Soup + Chapati,"Balanced diet with fruits, vegetables, whole grains, and yoga/exercise 30 min daily."
45,45-54,Male,Underweight,"Muscle loss, Nutrient deficiency, Stress",Increase calorie intake with protein & dairy; eat small meals often and do strength exercises.,Medium,Breakfast: Oats + Milk | Lunch: Dal + Rice + Veg | Snack: Fruit + Seeds | Dinner: Chapati + Paneer/Tofu,"High-calorie, high-protein diet (milk, eggs, nuts, paneer, whole grains). Eat every 3–4 hours."
59,55-60,Female,Overweight,"BP, Diabetes, Joint pain, Anxiety","Control portion size, reduce sugar and oil; prefer high-fiber meals and daily walks.",Medium,Breakfast: Dalia | Lunch: Soft rice + Dal | Snack: Fruit | Dinner: Soup,"Low sugar, low oil, high-fiber meals. Include salads, fruits, and avoid junk food."
43,35-44,Male,Overweight,"Hypertension, Cholesterol, Fatty liver, Anxiety","Control portion size, reduce sugar and oil; prefer high-fiber meals and daily walks.",Medium,Breakfast: Oats + Milk | Lunch: Roti + Dal + Veg | Snack: Green tea | Dinner: Soup + Roti,"Low sugar, low oil, high-fiber meals. Include salads, fruits, and avoid junk food."
56,55-60,Female,Overweight,"BP, Diabetes, Joint pain, Anxiety","Control portion size, reduce sugar and oil; prefer high-fiber meals and daily walks.",Medium,Breakfast: Dalia | Lunch: Soft rice + Dal | Snack: Fruit | Dinner: Soup,"Low sugar, low oil, high-fiber meals. Include salads, fruits, and avoid junk food."
24,18-24,Female,Underweight,"Iron deficiency, Hormonal imbalance, Irregular periods, Anxiety, Hair loss",Increase calorie intake with protein & dairy; eat small meals often and do strength exercises.,Medium,Breakfast: Oats + Milk | Lunch: Rice + Dal + Paneer | Snack: Fruit | Dinner: Chapati + Veg + Paneer,"High-calorie, high-protein diet (milk, eggs, nuts, paneer, whole grains). Eat every 3–4 hours."
22,18-24,Female,Obesity,"PCOS/PCOD, Type 2 Diabetes, Fertility issues, Depression","Strictly avoid junk food, focus on low-calorie diet, consult doctor for weight management.",High,Breakfast: Smoothie + Seeds | Lunch: Brown rice + Dal + Veg | Snack: Fruit | Dinner: Soup,"Low-carb, low-fat diet. Avoid fried foods, sugary drinks, and eat small portions frequently."
36,35-44,Female,Normal,"Healthy, but screen for thyroid/menstrual health",Maintain balanced diet and regular exercise; ensure hydration and proper sleep.,Low,Breakfast: Dosa + Milk | Lunch: Roti + Dal + Veg | Snack: Fruit | Dinner: Soup + Chapati,"Balanced diet with fruits, vegetables, whole grains, and yoga/exercise 30 min daily."
19,18-24,Male,Overweight,"Early hypertension, Fatty liver, Insulin resistance, Tension, Sleep disturbance","Control portion size, reduce sugar and oil; prefer high-fiber meals and daily walks.",Medium,Breakfast: Oats + Fruit | Lunch: Brown rice + Veg + Dal | Snack: Green tea + Nuts | Dinner: Soup + Chapati,"Low sugar, low oil, high-fiber meals. Include salads, fruits, and avoid junk food."
24,18-24,Female,Obesity,"PCOS/PCOD, Type 2 Diabetes, Fertility issues, Depression","Strictly avoid junk food, focus on low-calorie diet, consult doctor for weight management.",High,Breakfast: Smoothie + Seeds | Lunch: Brown rice + Dal + Veg | Snack: Fruit | Dinner: Soup,"Low-carb, low-fat diet. Avoid fried foods, sugary drinks, and eat small portions frequently."
33,25-34,Female,Overweight,"PCOS, Thyroid disorder, Gestational risk, Depression, Liver fat","Control portion size, reduce sugar and oil; prefer high-fiber meals and daily walks.",Medium,Breakfast: Smoothie + Seeds | Lunch: Roti + Veg curry | Snack: Fruit | Dinner: Dal soup,"Low sugar, low oil, high-fiber meals. Include salads, fruits, and avoid junk food."
57,55-60,Female,Overweight,"BP, Diabetes, Joint pain, Anxiety","Control portion size, reduce sugar and oil; prefer high-fiber meals and daily walks.",Medium,Breakfast: Dalia | Lunch: Soft rice + Dal | Snack: Fruit | Dinner: Soup,"Low sugar, low oil, high-fiber meals. Include salads, fruits, and avoid junk food."
24,18-24,Female,Overweight,"PCOS, Thyroid imbalance, Insulin resistance, Mental tension","Control portion size, reduce sugar and oil; prefer high-fiber meals and daily walks.",Medium,Breakfast: Oats + Fruit | Lunch: Brown rice + Veg | Snack: Nuts | Dinner: Soup + Roti,"Low sugar, low oil, high-fiber meals. Include salads, fruits, and avoid junk food."
19,18-24,Male,Normal,"Healthy, possible stress or mild anxiety due to lifestyle",Maintain balanced diet and regular exercise; ensure hydration and proper sleep.,Low,Breakfast: Oats + Milk | Lunch: Roti + Veg + Dal | Snack: Fruit | Dinner: Rice + Dal + Salad,"Balanced diet with fruits, vegetables, whole grains, and yoga/exercise 30 min daily."
37,35-44,Female,Obesity,"Diabetes, Hypertension, Breast cancer risk, Anxiety, Heart strain","Strictly avoid junk food, focus on low-calorie diet, consult doctor for weight management.",High,Breakfast: Dalia | Lunch: Brown rice + Veg | Snack: Fruit | Dinner: Soup,"Low-carb, low-fat diet. Avoid fried foods, sugary drinks, and eat small portions frequently."
39,35-44,Female,Normal,"Healthy, but screen for thyroid/menstrual health",Maintain balanced diet and regular exercise; ensure hydration and proper sleep.,Low,Breakfast: Dosa + Milk | Lunch: Roti + Dal + Veg | Snack: Fruit | Dinner: Soup + Chapati,"Balanced diet with fruits, vegetables, whole grains, and yoga/exercise 30 min daily."
48,45-54,Female,Overweight,"Thyroid, Diabetes, Joint stiffness, Anxiety","Control portion size, reduce sugar and oil; prefer high-fiber meals and daily walks.",Medium,Breakfast: Oats + Milk | Lunch: Roti + Dal | Snack: Seeds | Dinner: Light Veg soup,"Low sugar, low oil, high-fiber meals. Include salads, fruits, and avoid junk food."
34,25-34,Female,Normal,"Healthy, maintain balanced diet, mild stress risk",Maintain balanced diet and regular exercise; ensure hydration and proper sleep.,Low,Breakfast: Poha + Milk | Lunch: Roti + Veg + Salad | Snack: Yogurt | Dinner: Khichdi + Curd,"Balanced diet with fruits, vegetables, whole grains, and yoga/exercise 30 min daily."
18,18-24,Male,Underweight,"Anemia, Vitamin deficiency, Low muscle mass, Fatigue, Anxiety, Weak immunity",Increase calorie intake with protein & dairy; eat small meals often and do strength exercises.,Medium,"Breakfast: Milk + Banana + Boiled eggs | Lunch: Paneer, Rice, Dal | Snack: Nuts, Smoothie | Dinner: Chapati + Chicken/Paneer curry","High-calorie, high-protein diet (milk, eggs, nuts, paneer, whole grains). Eat every 3–4 hours."
29,25-34,Male,Underweight,"Weak immunity, Muscle loss, Nutrient deficiency, Anxiety, Fatigue",Increase calorie intake with protein & dairy; eat small meals often and do strength exercises.,Medium,Breakfast: Paratha + Curd | Lunch: Dal rice + Paneer | Snack: Peanut butter toast | Dinner: Roti + Green vegi/Chicken/Fish + Veggies,"High-calorie, high-protein diet (milk, eggs, nuts, paneer, whole grains). Eat every 3–4 hours."
49,45-54,Female,Normal,"Healthy, menopause-related changes",Maintain balanced diet and regular exercise; ensure hydration and proper sleep.,Low,Breakfast: Idli + Chutney | Lunch: Brown rice + Dal | Snack: Seeds + Fruit | Dinner: Khichdi,"Balanced diet with fruits, vegetables, whole grains, and yoga/exercise 30 min daily."
21,18-24,Female,Obesity,"PCOS/PCOD, Type 2 Diabetes, Fertility issues, Depression","Strictly avoid junk food, focus on low-calorie diet, consult doctor for weight management.",High,Breakfast: Smoothie + Seeds | Lunch: Brown rice + Dal + Veg | Snack: Fruit | Dinner: Soup,"Low-carb, low-fat diet. Avoid fried foods, sugary drinks, and eat small portions frequently."
33,25-34,Male,Obesity,"Heart disease, Sleep apnea, Liver problems, Anxiety, Depression","Strictly avoid junk food, focus on low-calorie diet, consult doctor for weight management.",High,Breakfast: Dalia + Fruit | Lunch: Roti + Veg | Snack: Green tea | Dinner: Soup + Salad,"Low-carb, low-fat diet. Avoid fried foods, sugary drinks, and eat small portions frequently."
52,45-54,Female,Obesity,"Hypertension, Type 2 Diabetes, Heart issues, Depression, Liver problems","Strictly avoid junk food, focus on low-calorie diet, consult doctor for weight management.",High,Breakfast: Oats | Lunch: Roti + Dal  | Snack: Seeds | Dinner: Soup,"Low-carb, low-fat diet. Avoid fried foods, sugary drinks, and eat small portions frequently."
40,35-44,Female,Obesity,"Diabetes, Hypertension, Breast cancer risk, Anxiety, Heart strain","Strictly avoid junk food, focus on low-calorie diet, consult doctor for weight management.",High,Breakfast: Dalia | Lunch: Brown rice + Veg | Snack: Fruit | Dinner: Soup,"Low-carb, low-fat diet. Avoid fried foods, sugary drinks, and eat small portions frequently."
44,35-44,Female,Obesity,"Diabetes, Hypertension, Breast cancer risk, Anxiety, Heart strain","Strictly avoid junk food, focus on low-calorie diet, consult doctor for weight management.",High,Breakfast: Dalia | Lunch: Brown rice + Veg | Snack: Fruit | Dinner: Soup,"Low-carb, low-fat diet. Avoid fried foods, sugary drinks, and eat small portions frequently."
40,35-44,Male,Overweight,"Hypertension, Cholesterol, Fatty liver, Anxiety","Control portion size, reduce sugar and oil; prefer high-fiber meals and daily walks.",Medium,Breakfast: Oats + Milk | Lunch: Roti + Dal + Veg | Snack: Green tea | Dinner: Soup + Roti,"Low sugar, low oil, high-fiber meals. Include salads, fruits, and avoid junk food."
31,25-34,Male,Overweight,"High BP, Early diabetes, Fatty liver, Gastric issues, Mental tension","Control portion size, reduce sugar and oil; prefer high-fiber meals and daily walks.",Medium,Breakfast: Poha + Tea | Lunch: Roti + Veg curry | Snack: Fruit | Dinner: Khichdi + Salad,"Low sugar, low oil, high-fiber meals. Include salads, fruits, and avoid junk food."
19,18-24,Female,Obesity,"PCOS/PCOD, Type 2 Diabetes, Fertility issues, Depression","Strictly avoid junk food, focus on low-calorie diet, consult doctor for weight management.",High,Breakfast: Smoothie + Seeds | Lunch: Brown rice + Dal + Veg | Snack: Fruit | Dinner: Soup,"Low-carb, low-fat diet. Avoid fried foods, sugary drinks, and eat small portions frequently."
35,35-44,Female,Overweight,"Thyroid issues, PCOS, Joint pain, Hypertension","Control portion size, reduce sugar and oil; prefer high-fiber meals and daily walks.",Medium,Breakfast: Poha + Tea | Lunch: Rice + Veg | Snack: Salad | Dinner: Soup + Khichdi,"Low sugar, low oil, high-fiber meals. Include salads, fruits, and avoid junk food."
41,35-44,Male,Underweight,"Anemia, Bone density loss, Fatigue, Stress",Increase calorie intake with protein & dairy; eat small meals often and do strength exercises.,Medium,Breakfast: Milk + Dry fruits | Lunch: Khichdi + Dal | Snack: Fruit shake | Dinner: Rice + Paneer curry,"High-calorie, high-protein diet (milk, eggs, nuts, paneer, whole grains). Eat every 3–4 hours."
34,25-34,Male,Overweight,"High BP, Early diabetes, Fatty liver, Gastric issues, Mental tension","Control portion size, reduce sugar and oil; prefer high-fiber meals and daily walks.",Medium,Breakfast: Poha + Tea | Lunch: Roti + Veg curry | Snack: Fruit | Dinner: Khichdi + Salad,"Low sugar, low oil, high-fiber meals. Include salads, fruits, and avoid junk food."
26,25-34,Female,Underweight,"PCOD, Fatigue, Irregular cycles, Anemia, Anxiety",Increase calorie intake with protein & dairy; eat small meals often and do strength exercises.,Medium,Breakfast: Milk + Dry fruits | Lunch: Dal + Chapati + Salad | Snack: Yogurt + Nuts | Dinner: Khichdi + Ghee,"High-calorie, high-protein diet (milk, eggs, nuts, paneer, whole grains). Eat every 3–4 hours."
56,55-60,Female,Normal,"Healthy, maintain calcium & heart care",Maintain balanced diet and regular exercise; ensure hydration and proper sleep.,Low,Breakfast: Oats + Milk | Lunch: Rice + Veg dal | Snack: Boiled egg/Paneer | Dinner: Soup + Roti,"Balanced diet with fruits, vegetables, whole grains, and yoga/exercise 30 min daily."
29,25-34,Female,Underweight,"PCOD, Fatigue, Irregular cycles, Anemia, Anxiety",Increase calorie intake with protein & dairy; eat small meals often and do strength exercises.,Medium,Breakfast: Milk + Dry fruits | Lunch: Dal + Chapati + Salad | Snack: Yogurt + Nuts | Dinner: Khichdi + Ghee,"High-calorie, high-protein diet (milk, eggs, nuts, paneer, whole grains). Eat every 3–4 hours."
55,55-60,Male,Overweight,"High BP, Diabetes, Cardiac strain, Liver issues","Control portion size, reduce sugar and oil; prefer high-fiber meals and daily walks.",Medium,Breakfast: Soft oats | Lunch: Dal + Veg | Snack: Fruit | Dinner: Soup + Roti,"Low sugar, low oil, high-fiber meals. Include salads, fruits, and avoid junk food."
29,25-34,Female,Normal,"Healthy, maintain balanced diet, mild stress risk",Maintain balanced diet and regular exercise; ensure hydration and proper sleep.,Low,Breakfast: Poha + Milk | Lunch: Roti + Veg + Salad | Snack: Yogurt | Dinner: Khichdi + Curd,"Balanced diet with fruits, vegetables, whole grains, and yoga/exercise 30 min daily."
27,25-34,Male,Underweight,"Weak immunity, Muscle loss, Nutrient deficiency, Anxiety, Fatigue",Increase calorie intake with protein & dairy; eat small meals often and do strength exercises.,Medium,Breakfast: Paratha + Curd | Lunch: Dal rice + Paneer | Snack: Peanut butter toast | Dinner: Roti + Green vegi/Chicken/Fish + Veggies,"High-calorie, high-protein diet (milk, eggs, nuts, paneer, whole grains). Eat every 3–4 hours."
58,55-60,Female,Overweight,"BP, Diabetes, Joint pain, Anxiety","Control portion size, reduce sugar and oil; prefer high-fiber meals and daily walks.",Medium,Breakfast: Dalia | Lunch: Soft rice + Dal | Snack: Fruit | Dinner: Soup,"Low sugar, low oil, high-fiber meals. Include salads, fruits, and avoid junk food."
57,55-60,Male,Overweight,"High BP, Diabetes, Cardiac strain, Liver issues","Control portion size, reduce sugar and oil; prefer high-fiber meals and daily walks.",Medium,Breakfast: Soft oats | Lunch: Dal + Veg | Snack: Fruit | Dinner: Soup + Roti,"Low sugar, low oil, high-fiber meals. Include salads, fruits, and avoid junk food."
54,45-54,Male,Obesity,"Cardiac disease, Stroke, Depression, Chronic fatigue","Strictly avoid junk food, focus on low-calorie diet, consult doctor for weight management.",High,Breakfast: Oats | Lunch: Roti + Veg | Snack: Seeds | Dinner: Soup + Salad,"Low-carb, low-fat diet. Avoid fried foods, sugary drinks, and eat small portions frequently."
37,35-44,Male,Overweight,"Hypertension, Cholesterol, Fatty liver, Anxiety","Control portion size, reduce sugar and oil; prefer high-fiber meals and daily walks.",Medium,Breakfast: Oats + Milk | Lunch: Roti + Dal + Veg | Snack: Green tea | Dinner: Soup + Roti,"Low sugar, low oil, high-fiber meals. Include salads, fruits, and avoid junk food."
39,35-44,Male,Overweight,"Hypertension, Cholesterol, Fatty liver, Anxiety","Control portion size, reduce sugar and oil; prefer high-fiber meals and daily walks.",Medium,Breakfast: Oats + Milk | Lunch: Roti + Dal + Veg | Snack: Green tea | Dinner: Soup + Roti,"Low sugar, low oil, high-fiber meals. Include salads, fruits, and avoid junk food."
60,55-60,Female,Normal,"Healthy, maintain calcium & heart care",Maintain balanced diet and regular exercise; ensure hydration and proper sleep.,Low,Breakfast: Oats + Milk | Lunch: Rice + Veg dal | Snack: Boiled egg/Paneer | Dinner: Soup + Roti,"Balanced diet with fruits, vegetables, whole grains, and yoga/exercise 30 min daily."
49,45-54,Female,Overweight,"Thyroid, Diabetes, Joint stiffness, Anxiety","Control portion size, reduce sugar and oil; prefer high-fiber meals and daily walks.",Medium,Breakfast: Oats + Milk | Lunch: Roti + Dal | Snack: Seeds | Dinner: Light Veg soup,"Low sugar, low oil, high-fiber meals. Include salads, fruits, and avoid junk food."
36,35-44,Female,Overweight,"Thyroid issues, PCOS, Joint pain, Hypertension","Control portion size, reduce sugar and oil; prefer high-fiber meals and daily walks.",Medium,Breakfast: Poha + Tea | Lunch: Rice + Veg | Snack: Salad | Dinner: Soup + Khichdi,"Low sugar, low oil, high-fiber meals. Include salads, fruits, and avoid junk food."
50,45-54,Female,Overweight,"Thyroid, Diabetes, Joint stiffness, Anxiety","Control portion size, reduce sugar and oil; prefer high-fiber meals and daily walks.",Medium,Breakfast: Oats + Milk | Lunch: Roti + Dal | Snack: Seeds | Dinner: Light Veg soup,"Low sugar, low oil, high-fiber meals. Include salads, fruits, and avoid junk food."
53,45-54,Female,Overweight,"Thyroid, Diabetes, Joint stiffness, Anxiety","Control portion size, reduce sugar and oil; prefer high-fiber meals and daily walks.",Medium,Breakfast: Oats + Milk | Lunch: Roti + Dal | Snack: Seeds | Dinner: Light Veg soup,"Low sugar, low oil, high-fiber meals. Include salads, fruits, and avoid junk food."
57,55-60,Male,Underweight,"Frailty, Low bone density, Weak immunity",Increase calorie intake with protein & dairy; eat small meals often and do strength exercises.,Medium,Breakfast: Soft dalia + Milk | Lunch: Khichdi + Curd | Snack: Banana | Dinner: Soup + Soft roti + Paneer,"High-calorie, high-protein diet (milk, eggs, nuts, paneer, whole grains). Eat every 3–4 hours."
52,45-54,Male,Normal,"Good health, monitor BP and sugar regularly",Maintain balanced diet and regular exercise; ensure hydration and proper sleep.,Low,Breakfast: Oats + Milk | Lunch: Rice + Dal + Veg | Snack: Fruit | Dinner: Roti + Soup,"Balanced diet with fruits, vegetables, whole grains, and yoga/exercise 30 min daily."
55,55-60,Female,Overweight,"BP, Diabetes, Joint pain, Anxiety","Control portion size, reduce sugar and oil; prefer high-fiber meals and daily walks.",Medium,Breakfast: Dalia | Lunch: Soft rice + Dal | Snack: Fruit | Dinner: Soup,"Low sugar, low oil, high-fiber meals. Include salads, fruits, and avoid junk food."
54,45-54,Male,Obesity,"Cardiac disease, Stroke, Depression, Chronic fatigue","Strictly avoid junk food, focus on low-calorie diet, consult doctor for weight management.",High,Breakfast: Oats | Lunch: Roti + Veg | Snack: Seeds | Dinner: Soup + Salad,"Low-carb, low-fat diet. Avoid fried foods, sugary drinks, and eat small portions frequently."
49,45-54,Male,Overweight,"Hypertension, Diabetes, Fatty liver, Anxiety, Joint pain","Control portion size, reduce sugar and oil; prefer high-fiber meals and daily walks.",Medium,Breakfast: Dalia + Fruit | Lunch: Roti + Veg | Snack: Nuts | Dinner: Light khichdi,"Low sugar, low oil, high-fiber meals. Include salads, fruits, and avoid junk food."
26,25-34,Female,Obesity,"PCOS, Infertility, Type 2 Diabetes, Hypertension, Anxiety","Strictly avoid junk food, focus on low-calorie diet, consult doctor for weight management.",High,Breakfast: Oats | Lunch: Roti + Veg | Snack: Green tea | Dinner: Soup + Salad,"Low-carb, low-fat diet. Avoid fried foods, sugary drinks, and eat small portions frequently."
53,45-54,Female,Underweight,"Osteoporosis, Hormone imbalance, Stress",Increase calorie intake with protein & dairy; eat small meals often and do strength exercises.,Medium,Breakfast: Poha + Milk | Lunch: Khichdi + Dal | Snack: Banana | Dinner: Soup + Roti,"High-calorie, high-protein diet (milk, eggs, nuts, paneer, whole grains). Eat every 3–4 hours."
59,55-60,Female,Obesity,"Heart disease, Arthritis, Stroke risk, Depression","Strictly avoid junk food, focus on low-calorie diet, consult doctor for weight management.",High,Breakfast: Porridge | Lunch: Soft rice + Veg | Snack: Fruit | Dinner: Soup,"Low-carb, low-fat diet. Avoid fried foods, sugary drinks, and eat small portions frequently."
53,45-54,Male,Normal,"Good health, monitor BP and sugar regularly",Maintain balanced diet and regular exercise; ensure hydration and proper sleep.,Low,Breakfast: Oats + Milk | Lunch: Rice + Dal + Veg | Snack: Fruit | Dinner: Roti + Soup,"Balanced diet with fruits, vegetables, whole grains, and yoga/exercise 30 min daily."
42,35-44,Female,Underweight,"Osteopenia, Hormonal issues, Fatigue, Nutritional deficiency",Increase calorie intake with protein & dairy; eat small meals often and do strength exercises.,Medium,Breakfast: Idli + Coconut chutney | Lunch: Dal rice + Veg | Snack: Fruit smoothie | Dinner: Chapati + Paneer,"High-calorie, high-protein diet (milk, eggs, nuts, paneer, whole grains). Eat every 3–4 hours."
59,55-60,Female,Normal,"Healthy, maintain calcium & heart care",Maintain balanced diet and regular exercise; ensure hydration and proper sleep.,Low,Breakfast: Oats + Milk | Lunch: Rice + Veg dal | Snack: Boiled egg/Paneer | Dinner: Soup + Roti,"Balanced diet with fruits, vegetables, whole grains, and yoga/exercise 30 min daily."
49,45-54,Female,Obesity,"Hypertension, Type 2 Diabetes, Heart issues, Depression, Liver problems","Strictly avoid junk food, focus on low-calorie diet, consult doctor for weight management.",High,Breakfast: Oats | Lunch: Roti + Dal  | Snack: Seeds | Dinner: Soup,"Low-carb, low-fat diet. Avoid fried foods, sugary drinks, and eat small portions frequently."
28,25-34,Male,Obesity,"Heart disease, Sleep apnea, Liver problems, Anxiety, Depression","Strictly avoid junk food, focus on low-calorie diet, consult doctor for weight management.",High,Breakfast: Dalia + Fruit | Lunch: Roti + Veg | Snack: Green tea | Dinner: Soup + Salad,"Low-carb, low-fat diet. Avoid fried foods, sugary drinks, and eat small portions frequently."
42,35-44,Female,Underweight,"Osteopenia, Hormonal issues, Fatigue, Nutritional deficiency",Increase calorie intake with protein & dairy; eat small meals often and do strength exercises.,Medium,Breakfast: Idli + Coconut chutney | Lunch: Dal rice + Veg | Snack: Fruit smoothie | Dinner: Chapati + Paneer,"High-calorie, high-protein diet (milk, eggs, nuts, paneer, whole grains). Eat every 3–4 hours."
22,18-24,Female,Overweight,"PCOS, Thyroid imbalance, Insulin resistance, Mental tension","Control portion size, reduce sugar and oil; prefer high-fiber meals and daily walks.",Medium,Breakfast: Oats + Fruit | Lunch: Brown rice + Veg | Snack: Nuts | Dinner: Soup + Roti,"Low sugar, low oil, high-fiber meals. Include salads, fruits, and avoid junk food."
19,18-24,Female,Overweight,"PCOS, Thyroid imbalance, Insulin resistance, Mental tension","Control portion size, reduce sugar and oil; prefer high-fiber meals and daily walks.",Medium,Breakfast: Oats + Fruit | Lunch: Brown rice + Veg | Snack: Nuts | Dinner: Soup + Roti,"Low sugar, low oil, high-fiber meals. Include salads, fruits, and avoid junk food."
23,18-24,Female,Underweight,"Iron deficiency, Hormonal imbalance, Irregular periods, Anxiety, Hair loss",Increase calorie intake with protein & dairy; eat small meals often and do strength exercises.,Medium,Breakfast: Oats + Milk | Lunch: Rice + Dal + Paneer | Snack: Fruit | Dinner: Chapati + Veg + Paneer,"High-calorie, high-protein diet (milk, eggs, nuts, paneer, whole grains). Eat every 3–4 hours."
23,18-24,Male,Underweight,"Anemia, Vitamin deficiency, Low muscle mass, Fatigue, Anxiety, Weak immunity",Increase calorie intake with protein & dairy; eat small meals often and do strength exercises.,Medium,"Breakfast: Milk + Banana + Boiled eggs | Lunch: Paneer, Rice, Dal | Snack: Nuts, Smoothie | Dinner: Chapati + Chicken/Paneer curry","High-calorie, high-protein diet (milk, eggs, nuts, paneer, whole grains). Eat every 3–4 hours."
30,25-34,Female,Obesity,"PCOS, Infertility, Type 2 Diabetes, Hypertension, Anxiety","Strictly avoid junk food, focus on low-calorie diet, consult doctor for weight management.",High,Breakfast: Oats | Lunch: Roti + Veg | Snack: Green tea | Dinner: Soup + Salad,"Low-carb, low-fat diet. Avoid fried foods, sugary drinks, and eat small portions frequently."
41,35-44,Male,Underweight,"Anemia, Bone density loss, Fatigue, Stress",Increase calorie intake with protein & dairy; eat small meals often and do strength exercises.,Medium,Breakfast: Milk + Dry fruits | Lunch: Khichdi + Dal | Snack: Fruit shake | Dinner: Rice + Paneer curry,"High-calorie, high-protein diet (milk, eggs, nuts, paneer, whole grains). Eat every 3–4 hours."
45,45-54,Male,Underweight,"Muscle loss, Nutrient deficiency, Stress",Increase calorie intake with protein & dairy; eat small meals often and do strength exercises.,Medium,Breakfast: Oats + Milk | Lunch: Dal + Rice + Veg | Snack: Fruit + Seeds | Dinner: Chapati + Paneer/Tofu,"High-calorie, high-protein diet (milk, eggs, nuts, paneer, whole grains). Eat every 3–4 hours."
59,55-60,Male,Underweight,"Frailty, Low bone density, Weak immunity",Increase calorie intake with protein & dairy; eat small meals often and do strength exercises.,Medium,Breakfast: Soft dalia + Milk | Lunch: Khichdi + Curd | Snack: Banana | Dinner: Soup + Soft roti + Paneer,"High-calorie, high-protein diet (milk, eggs, nuts, paneer, whole grains). Eat every 3–4 hours."
53,45-54,Male,Obesity,"Cardiac disease, Stroke, Depression, Chronic fatigue","Strictly avoid junk food, focus on low-calorie diet, consult doctor for weight management.",High,Breakfast: Oats | Lunch: Roti + Veg | Snack: Seeds | Dinner: Soup + Salad,"Low-carb, low-fat diet. Avoid fried foods, sugary drinks, and eat small portions frequently."
33,25-34,Female,Obesity,"PCOS, Infertility, Type 2 Diabetes, Hypertension, Anxiety","Strictly avoid junk food, focus on low-calorie diet, consult doctor for weight management.",High,Breakfast: Oats | Lunch: Roti + Veg | Snack: Green tea | Dinner: Soup + Salad,"Low-carb, low-fat diet. Avoid fried foods, sugary drinks, and eat small portions frequently."
47,45-54,Female,Overweight,"Thyroid, Diabetes, Joint stiffness, Anxiety","Control portion size, reduce sugar and oil; prefer high-fiber meals and daily walks.",Medium,Breakfast: Oats + Milk | Lunch: Roti + Dal | Snack: Seeds | Dinner: Light Veg soup,"Low sugar, low oil, high-fiber meals. Include salads, fruits, and avoid junk food."
21,18-24,Male,Overweight,"Early hypertension, Fatty liver, Insulin resistance, Tension, Sleep disturbance","Control portion size, reduce sugar and oil; prefer high-fiber meals and daily walks.",Medium,Breakfast: Oats + Fruit | Lunch: Brown rice + Veg + Dal | Snack: Green tea + Nuts | Dinner: Soup + Chapati,"Low sugar, low oil, high-fiber meals. Include salads, fruits, and avoid junk food."
37,35-44,Male,Underweight,"Anemia, Bone density loss, Fatigue, Stress",Increase calorie intake with protein & dairy; eat small meals often and do strength exercises.,Medium,Breakfast: Milk + Dry fruits | Lunch: Khichdi + Dal | Snack: Fruit shake | Dinner: Rice + Paneer curry,"High-calorie, high-protein diet (milk, eggs, nuts, paneer, whole grains). Eat every 3–4 hours."
29,25-34,Female,Underweight,"PCOD, Fatigue, Irregular cycles, Anemia, Anxiety",Increase calorie intake with protein & dairy; eat small meals often and do strength exercises.,Medium,Breakfast: Milk + Dry fruits | Lunch: Dal + Chapati + Salad | Snack: Yogurt + Nuts | Dinner: Khichdi + Ghee,"High-calorie, high-protein diet (milk, eggs, nuts, paneer, whole grains). Eat every 3–4 hours."
29,25-34,Male,Normal,"Healthy, mild stress or work pressure possible",Maintain balanced diet and regular exercise; ensure hydration and proper sleep.,Low,Breakfast: Brown bread + Eggs | Lunch: Roti + Chicken + Veg | Snack: Nuts | Dinner: Soup + Chapati,"Balanced diet with fruits, vegetables, whole grains, and yoga/exercise 30 min daily."
58,55-60,Female,Underweight,"Osteoporosis, Menopause fatigue, Weak immunity",Increase calorie intake with protein & dairy; eat small meals often and do strength exercises.,Medium,Breakfast: Oats + Milk | Lunch: Rice + Dal | Snack: Boiled egg/Paneer | Dinner: Soft khichdi,"High-calorie, high-protein diet (milk, eggs, nuts, paneer, whole grains). Eat every 3–4 hours."
59,55-60,Female,Normal,"Healthy, maintain calcium & heart care",Maintain balanced diet and regular exercise; ensure hydration and proper sleep.,Low,Breakfast: Oats + Milk | Lunch: Rice + Veg dal | Snack: Boiled egg/Paneer | Dinner: Soup + Roti,"Balanced diet with fruits, vegetables, whole grains, and yoga/exercise 30 min daily."
38,35-44,Female,Overweight,"Thyroid issues, PCOS, Joint pain, Hypertension","Control portion size, reduce sugar and oil; prefer high-fiber meals and daily walks.",Medium,Breakfast: Poha + Tea | Lunch: Rice + Veg | Snack: Salad | Dinner: Soup + Khichdi,"Low sugar, low oil, high-fiber meals. Include salads, fruits, and avoid junk food."
46,45-54,Male,Normal,"Good health, monitor BP and sugar regularly",Maintain balanced diet and regular exercise; ensure hydration and proper sleep.,Low,Breakfast: Oats + Milk | Lunch: Rice + Dal + Veg | Snack: Fruit | Dinner: Roti + Soup,"Balanced diet with fruits, vegetables, whole grains, and yoga/exercise 30 min daily."
46,45-54,Male,Obesity,"Cardiac disease, Stroke, Depression, Chronic fatigue","Strictly avoid junk food, focus on low-calorie diet, consult doctor for weight management.",High,Breakfast: Oats | Lunch: Roti + Veg | Snack: Seeds | Dinner: Soup + Salad,"Low-carb, low-fat diet. Avoid fried foods, sugary drinks, and eat small portions frequently."
43,35-44,Male,Overweight,"Hypertension, Cholesterol, Fatty liver, Anxiety","Control portion size, reduce sugar and oil; prefer high-fiber meals and daily walks.",Medium,Breakfast: Oats + Milk | Lunch: Roti + Dal + Veg | Snack: Green tea | Dinner: Soup + Roti,"Low sugar, low oil, high-fiber meals. Include salads, fruits, and avoid junk food."
48,45-54,Male,Obesity,"Cardiac disease, Stroke, Depression, Chronic fatigue","Strictly avoid junk food, focus on low-calorie diet, consult doctor for weight management.",High,Breakfast: Oats | Lunch: Roti + Veg | Snack: Seeds | Dinner: Soup + Salad,"Low-carb, low-fat diet. Avoid fried foods, sugary drinks, and eat small portions frequently."
34,25-34,Female,Normal,"Healthy, maintain balanced diet, mild stress risk",Maintain balanced diet and regular exercise; ensure hydration and proper sleep.,Low,Breakfast: Poha + Milk | Lunch: Roti + Veg + Salad | Snack: Yogurt | Dinner: Khichdi + Curd,"Balanced diet with fruits, vegetables, whole grains, and yoga/exercise 30 min daily."
25,25-34,Female,Normal,"Healthy, maintain balanced diet, mild stress risk",Maintain balanced diet and regular exercise; ensure hydration and proper sleep.,Low,Breakfast: Poha + Milk | Lunch: Roti + Veg + Salad | Snack: Yogurt | Dinner: Khichdi + Curd,"Balanced diet with fruits, vegetables, whole grains, and yoga/exercise 30 min daily."
40,35-44,Female,Underweight,"Osteopenia, Hormonal issues, Fatigue, Nutritional deficiency",Increase calorie intake with protein & dairy; eat small meals often and do strength exercises.,Medium,Breakfast: Idli + Coconut chutney | Lunch: Dal rice + Veg | Snack: Fruit smoothie | Dinner: Chapati + Paneer,"High-calorie, high-protein diet (milk, eggs, nuts, paneer, whole grains). Eat every 3–4 hours."
42,35-44,Female,Obesity,"Diabetes, Hypertension, Breast cancer risk, Anxiety, Heart strain","Strictly avoid junk food, focus on low-calorie diet, consult doctor for weight management.",High,Breakfast: Dalia | Lunch: Brown rice + Veg | Snack: Fruit | Dinner: Soup,"Low-carb, low-fat diet. Avoid fried foods, sugary drinks, and eat small portions frequently."
29,25-34,Male,Underweight,"Weak immunity, Muscle loss, Nutrient deficiency, Anxiety, Fatigue",Increase calorie intake with protein & dairy; eat small meals often and do strength exercises.,Medium,Breakfast: Paratha + Curd | Lunch: Dal rice + Paneer | Snack: Peanut butter toast | Dinner: Roti + Green vegi/Chicken/Fish + Veggies,"High-calorie, high-protein diet (milk, eggs, nuts, paneer, whole grains). Eat every 3–4 hours."
41,35-44,Male,Normal,"Healthy, but rising risk of hypertension and liver fat",Maintain balanced diet and regular exercise; ensure hydration and proper sleep.,Low,Breakfast: Poha + Milk | Lunch: Roti + Dal + Veg | Snack: Fruit | Dinner: Khichdi + Curd,"Balanced diet with fruits, vegetables, whole grains, and yoga/exercise 30 min daily."
42,35-44,Female,Overweight,"Thyroid issues, PCOS, Joint pain, Hypertension","Control portion size, reduce sugar and oil; prefer high-fiber meals and daily walks.",Medium,Breakfast: Poha + Tea | Lunch: Rice + Veg | Snack: Salad | Dinner: Soup + Khichdi,"Low sugar, low oil, high-fiber meals. Include salads, fruits, and avoid junk food."
59,55-60,Female,Underweight,"Osteoporosis, Menopause fatigue, Weak immunity",Increase calorie intake with protein & dairy; eat small meals often and do strength exercises.,Medium,Breakfast: Oats + Milk | Lunch: Rice + Dal | Snack: Boiled egg/Paneer | Dinner: Soft khichdi,"High-calorie, high-protein diet (milk, eggs, nuts, paneer, whole grains). Eat every 3–4 hours."
